-- --------------------------------------------------------
-- Host:                         127.0.0.1
-- Versión del servidor:         11.2.2-MariaDB - mariadb.org binary distribution
-- SO del servidor:              Win64
-- HeidiSQL Versión:             12.3.0.6589
-- --------------------------------------------------------

/*!40101 SET @OLD_CHARACTER_SET_CLIENT=@@CHARACTER_SET_CLIENT */;
/*!40101 SET NAMES utf8 */;
/*!50503 SET NAMES utf8mb4 */;
/*!40103 SET @OLD_TIME_ZONE=@@TIME_ZONE */;
/*!40103 SET TIME_ZONE='+00:00' */;
/*!40014 SET @OLD_FOREIGN_KEY_CHECKS=@@FOREIGN_KEY_CHECKS, FOREIGN_KEY_CHECKS=0 */;
/*!40101 SET @OLD_SQL_MODE=@@SQL_MODE, SQL_MODE='NO_AUTO_VALUE_ON_ZERO' */;
/*!40111 SET @OLD_SQL_NOTES=@@SQL_NOTES, SQL_NOTES=0 */;

-- Volcando datos para la tabla articoding.class: ~4 rows (aproximadamente)
INSERT INTO `class` (`id`, `class_key`, `description`, `enabled`, `name`) VALUES
	(19, '3cf6841', 'Clase del colegio San Francisco de Asis 314', b'1', 'Examen Ifs'),
	(23489, '65Y19', '¡Completa todos los niveles!', b'1', 'Clase A'),
	(60892, '51T05', '¡Completa todos los niveles!', b'1', 'Clase B '),
	(97310, '87P12', '¡Completa todos los niveles!', b'1', 'Clase C');

-- Volcando datos para la tabla articoding.class_levels: ~26 rows (aproximadamente)
INSERT INTO `class_levels` (`class_id`, `level_id`) VALUES
	(23489, 16123),
	(23489, 12351),
	(23489, 73421),
	(23489, 81235),
	(23489, 62172),
	(97310, 12351),
	(97310, 62172),
	(97310, 16123),
	(97310, 81235),
	(97310, 73421),
	(23489, 18),
	(23489, 17),
	(97310, 18),
	(97310, 17),
	(19, 17),
	(19, 12351),
	(19, 16123),
	(19, 18),
	(19, 81235),
	(19, 73421),
	(19, 62172),
	(60892, 62172),
	(60892, 81235),
	(60892, 73421),
	(60892, 16123),
	(60892, 12351);

-- Volcando datos para la tabla articoding.class_room_level_completed: ~26 rows (aproximadamente)
INSERT INTO `class_room_level_completed` (`classroom_id`, `user_id`, `level_id`) VALUES
	(60892, 1, 17),
	(60892, 1, 62172),
	(60892, 1, 73421),
	(60892, 1, 81235),
	(60892, 8, 12351),
	(60892, 8, 62172),
	(60892, 9, 12351),
	(60892, 11, 12351),
	(60892, 11, 62172),
	(60892, 12, 12351),
	(60892, 14, 12351),
	(60892, 15, 12351),
	(60892, 15, 81235),
	(60892, 16, 12351),
	(60892, 17, 12351),
	(60892, 17, 16123),
	(60892, 17, 62172),
	(60892, 17, 73421),
	(60892, 18, 12351),
	(60892, 19, 73421),
	(60892, 26, 12351),
	(60892, 26, 62172),
	(60892, 27, 81235),
	(97310, 4, 12351),
	(97310, 4, 62172),
	(97310, 4, 81235),
	(97310, 5, 18),
	(97310, 5, 62172),
	(97310, 6, 17),
	(97310, 6, 73421);

-- Volcando datos para la tabla articoding.class_student: ~28 rows (aproximadamente)
INSERT INTO `class_student` (`class_id`, `student_id`) VALUES
	(23489, 4),
	(97310, 4),
	(97310, 5),
	(97310, 6),
	(60892, 11),
	(60892, 12),
	(60892, 8),
	(60892, 10),
	(60892, 20),
	(60892, 18),
	(60892, 7),
	(60892, 14),
	(60892, 17),
	(60892, 9),
	(60892, 13),
	(60892, 19),
	(60892, 16),
	(60892, 27),
	(60892, 26),
	(60892, 22),
	(60892, 23),
	(60892, 24),
	(60892, 15),
	(60892, 28),
	(19, 5),
	(19, 4),
	(19, 6),
	(19, 8);

-- Volcando datos para la tabla articoding.class_teacher: ~2 rows (aproximadamente)
INSERT INTO `class_teacher` (`class_id`, `teacher_id`) VALUES
	(19, 1),
	(19, 29);

-- Volcando datos para la tabla articoding.hibernate_sequence: ~3 rows (aproximadamente)
INSERT INTO `hibernate_sequence` (`next_val`) VALUES
	(20),
	(20),
	(20),
	(20);

-- Volcando datos para la tabla articoding.level: ~7 rows (aproximadamente)
INSERT INTO `level` (`id`, `active`, `image_path`, `likes`, `public_level`, `serializa_articoding_level`, `times_played`, `title`, `owner_id`) VALUES
	(17, b'1', '2089371e-f918-47c1-abf8-4be0996c99f5_Seta.png', 0, b'1', '{\r\n  "activeblocks" : {\r\n    "specialBlock" : "",\r\n    "categories" : [ {\r\n      "categoryName" : "start",\r\n      "blocksInfo" : {\r\n        "activate" : true,\r\n        "activeBlocks" : [ {\r\n          "blockName" : "start_start",\r\n          "maxUses" : 100\r\n        } ]\r\n      }\r\n    }, {\r\n      "categoryName" : "math",\r\n      "blocksInfo" : {\r\n        "activate" : true,\r\n        "activeBlocks" : [ {\r\n          "blockName" : "math_number",\r\n          "maxUses" : 3\r\n        }, {\r\n          "blockName" : "math_arithmetic",\r\n          "maxUses" : 100\r\n        } ]\r\n      }\r\n    }, {\r\n      "categoryName" : "variable",\r\n      "blocksInfo" : {\r\n        "activate" : true,\r\n        "activeBlocks" : [ {\r\n          "blockName" : "variables_get",\r\n          "maxUses" : 100\r\n        }, {\r\n          "blockName" : "variables_set",\r\n          "maxUses" : 100\r\n        } ]\r\n      }\r\n    }, {\r\n      "categoryName" : "text",\r\n      "blocksInfo" : {\r\n        "activate" : true,\r\n        "activeBlocks" : [ {\r\n          "blockName" : "text",\r\n          "maxUses" : 100\r\n        } ]\r\n      }\r\n    }, {\r\n      "categoryName" : "logic",\r\n      "blocksInfo" : {\r\n        "activate" : true,\r\n        "activeBlocks" : [ {\r\n          "blockName" : "logic_negate",\r\n          "maxUses" : 100\r\n        }, {\r\n          "blockName" : "logic_cells_occupied",\r\n          "maxUses" : 100\r\n        }, {\r\n          "blockName" : "logic_compare",\r\n          "maxUses" : 100\r\n        }, {\r\n          "blockName" : "logic_operation",\r\n          "maxUses" : 100\r\n        }, {\r\n          "blockName" : "logic_boolean",\r\n          "maxUses" : 100\r\n        }, {\r\n          "blockName" : "logic_if",\r\n          "maxUses" : 100\r\n        }, {\r\n          "blockName" : "logic_ifelse",\r\n          "maxUses" : 100\r\n        } ]\r\n      }\r\n    }, {\r\n      "categoryName" : "control",\r\n      "blocksInfo" : {\r\n        "activate" : true,\r\n        "activeBlocks" : [ {\r\n          "blockName" : "controls_repeat",\r\n          "maxUses" : 100\r\n        }, {\r\n          "blockName" : "controls_whileUntil",\r\n          "maxUses" : 100\r\n        } ]\r\n      }\r\n    }, {\r\n      "categoryName" : "movement",\r\n      "blocksInfo" : {\r\n        "activate" : true,\r\n        "activeBlocks" : [ {\r\n          "blockName" : "movement_move",\r\n          "maxUses" : 99\r\n        }, {\r\n          "blockName" : "movement_rotate",\r\n          "maxUses" : 1\r\n        }, {\r\n          "blockName" : "movement_activate_door",\r\n          "maxUses" : 100\r\n        }, {\r\n          "blockName" : "",\r\n          "maxUses" : 100\r\n        } ]\r\n      }\r\n    }, {\r\n      "categoryName" : "",\r\n      "blocksInfo" : {\r\n        "activate" : true,\r\n        "activeBlocks" : [ {\r\n          "blockName" : "",\r\n          "maxUses" : 100\r\n        }, {\r\n          "blockName" : "procedures_callnoreturn",\r\n          "maxUses" : 100\r\n        } ]\r\n      }\r\n    } ]\r\n  },\r\n  "boardstate" : {\r\n    "rows" : 8,\r\n    "columns" : 8,\r\n    "cells" : [ {\r\n      "id" : 0,\r\n      "x" : 1,\r\n      "y" : 1,\r\n      "args" : [ ]\r\n    }, {\r\n      "id" : 0,\r\n      "x" : 2,\r\n      "y" : 1,\r\n      "args" : [ ]\r\n    }, {\r\n      "id" : 3,\r\n      "x" : 3,\r\n      "y" : 1,\r\n      "args" : [ ]\r\n    }, {\r\n      "id" : 3,\r\n      "x" : 4,\r\n      "y" : 1,\r\n      "args" : [ ]\r\n    }, {\r\n      "id" : 3,\r\n      "x" : 5,\r\n      "y" : 1,\r\n      "args" : [ ]\r\n    }, {\r\n      "id" : 3,\r\n      "x" : 6,\r\n      "y" : 1,\r\n      "args" : [ ]\r\n    }, {\r\n      "id" : 1,\r\n      "x" : 7,\r\n      "y" : 1,\r\n      "args" : [ ]\r\n    }, {\r\n      "id" : 1,\r\n      "x" : 8,\r\n      "y" : 1,\r\n      "args" : [ ]\r\n    }, {\r\n      "id" : 1,\r\n      "x" : 1,\r\n      "y" : 2,\r\n      "args" : [ ]\r\n    }, {\r\n      "id" : 1,\r\n      "x" : 2,\r\n      "y" : 2,\r\n      "args" : [ ]\r\n    }, {\r\n      "id" : 0,\r\n      "x" : 3,\r\n      "y" : 2,\r\n      "args" : [ ]\r\n    }, {\r\n      "id" : 3,\r\n      "x" : 4,\r\n      "y" : 2,\r\n      "args" : [ ]\r\n    }, {\r\n      "id" : 3,\r\n      "x" : 5,\r\n      "y" : 2,\r\n      "args" : [ ]\r\n    }, {\r\n      "id" : 1,\r\n      "x" : 6,\r\n      "y" : 2,\r\n      "args" : [ ]\r\n    }, {\r\n      "id" : 1,\r\n      "x" : 7,\r\n      "y" : 2,\r\n      "args" : [ ]\r\n    }, {\r\n      "id" : 1,\r\n      "x" : 8,\r\n      "y" : 2,\r\n      "args" : [ ]\r\n    }, {\r\n      "id" : 1,\r\n      "x" : 1,\r\n      "y" : 3,\r\n      "args" : [ ]\r\n    }, {\r\n      "id" : 1,\r\n      "x" : 2,\r\n      "y" : 3,\r\n      "args" : [ ]\r\n    }, {\r\n      "id" : 0,\r\n      "x" : 3,\r\n      "y" : 3,\r\n      "args" : [ ]\r\n    }, {\r\n      "id" : 3,\r\n      "x" : 4,\r\n      "y" : 3,\r\n      "args" : [ ]\r\n    }, {\r\n      "id" : 3,\r\n      "x" : 5,\r\n      "y" : 3,\r\n      "args" : [ ]\r\n    }, {\r\n      "id" : 1,\r\n      "x" : 6,\r\n      "y" : 3,\r\n      "args" : [ ]\r\n    }, {\r\n      "id" : 1,\r\n      "x" : 7,\r\n      "y" : 3,\r\n      "args" : [ ]\r\n    }, {\r\n      "id" : 1,\r\n      "x" : 8,\r\n      "y" : 3,\r\n      "args" : [ ]\r\n    }, {\r\n      "id" : 2,\r\n      "x" : 1,\r\n      "y" : 4,\r\n      "args" : [ ]\r\n    }, {\r\n      "id" : 2,\r\n      "x" : 2,\r\n      "y" : 4,\r\n      "args" : [ ]\r\n    }, {\r\n      "id" : 2,\r\n      "x" : 3,\r\n      "y" : 4,\r\n      "args" : [ ]\r\n    }, {\r\n      "id" : 2,\r\n      "x" : 4,\r\n      "y" : 4,\r\n      "args" : [ ]\r\n    }, {\r\n      "id" : 2,\r\n      "x" : 5,\r\n      "y" : 4,\r\n      "args" : [ ]\r\n    }, {\r\n      "id" : 2,\r\n      "x" : 6,\r\n      "y" : 4,\r\n      "args" : [ ]\r\n    }, {\r\n      "id" : 2,\r\n      "x" : 7,\r\n      "y" : 4,\r\n      "args" : [ ]\r\n    }, {\r\n      "id" : 2,\r\n      "x" : 8,\r\n      "y" : 4,\r\n      "args" : [ ]\r\n    }, {\r\n      "id" : 2,\r\n      "x" : 1,\r\n      "y" : 5,\r\n      "args" : [ ]\r\n    }, {\r\n      "id" : 2,\r\n      "x" : 2,\r\n      "y" : 5,\r\n      "args" : [ ]\r\n    }, {\r\n      "id" : 2,\r\n      "x" : 3,\r\n      "y" : 5,\r\n      "args" : [ ]\r\n    }, {\r\n      "id" : 2,\r\n      "x" : 4,\r\n      "y" : 5,\r\n      "args" : [ ]\r\n    }, {\r\n      "id" : 2,\r\n      "x" : 5,\r\n      "y" : 5,\r\n      "args" : [ ]\r\n    }, {\r\n      "id" : 2,\r\n      "x" : 6,\r\n      "y" : 5,\r\n      "args" : [ ]\r\n    }, {\r\n      "id" : 2,\r\n      "x" : 7,\r\n      "y" : 5,\r\n      "args" : [ ]\r\n    }, {\r\n      "id" : 2,\r\n      "x" : 8,\r\n      "y" : 5,\r\n      "args" : [ ]\r\n    }, {\r\n      "id" : 1,\r\n      "x" : 1,\r\n      "y" : 6,\r\n      "args" : [ ]\r\n    }, {\r\n      "id" : 2,\r\n      "x" : 2,\r\n      "y" : 6,\r\n      "args" : [ ]\r\n    }, {\r\n      "id" : 2,\r\n      "x" : 3,\r\n      "y" : 6,\r\n      "args" : [ ]\r\n    }, {\r\n      "id" : 2,\r\n      "x" : 4,\r\n      "y" : 6,\r\n      "args" : [ ]\r\n    }, {\r\n      "id" : 2,\r\n      "x" : 5,\r\n      "y" : 6,\r\n      "args" : [ ]\r\n    }, {\r\n      "id" : 2,\r\n      "x" : 6,\r\n      "y" : 6,\r\n      "args" : [ ]\r\n    }, {\r\n      "id" : 2,\r\n      "x" : 7,\r\n      "y" : 6,\r\n      "args" : [ ]\r\n    }, {\r\n      "id" : 1,\r\n      "x" : 8,\r\n      "y" : 6,\r\n      "args" : [ ]\r\n    }, {\r\n      "id" : 1,\r\n      "x" : 1,\r\n      "y" : 7,\r\n      "args" : [ ]\r\n    }, {\r\n      "id" : 1,\r\n      "x" : 2,\r\n      "y" : 7,\r\n      "args" : [ ]\r\n    }, {\r\n      "id" : 2,\r\n      "x" : 3,\r\n      "y" : 7,\r\n      "args" : [ ]\r\n    }, {\r\n      "id" : 2,\r\n      "x" : 4,\r\n      "y" : 7,\r\n      "args" : [ ]\r\n    }, {\r\n      "id" : 2,\r\n      "x" : 5,\r\n      "y" : 7,\r\n      "args" : [ ]\r\n    }, {\r\n      "id" : 2,\r\n      "x" : 6,\r\n      "y" : 7,\r\n      "args" : [ ]\r\n    }, {\r\n      "id" : 0,\r\n      "x" : 7,\r\n      "y" : 7,\r\n      "args" : [ ]\r\n    }, {\r\n      "id" : 1,\r\n      "x" : 8,\r\n      "y" : 7,\r\n      "args" : [ ]\r\n    }, {\r\n      "id" : 1,\r\n      "x" : 1,\r\n      "y" : 8,\r\n      "args" : [ ]\r\n    }, {\r\n      "id" : 1,\r\n      "x" : 2,\r\n      "y" : 8,\r\n      "args" : [ ]\r\n    }, {\r\n      "id" : 1,\r\n      "x" : 3,\r\n      "y" : 8,\r\n      "args" : [ ]\r\n    }, {\r\n      "id" : 2,\r\n      "x" : 4,\r\n      "y" : 8,\r\n      "args" : [ ]\r\n    }, {\r\n      "id" : 2,\r\n      "x" : 5,\r\n      "y" : 8,\r\n      "args" : [ ]\r\n    }, {\r\n      "id" : 1,\r\n      "x" : 6,\r\n      "y" : 8,\r\n      "args" : [ ]\r\n    }, {\r\n      "id" : 4,\r\n      "x" : 7,\r\n      "y" : 8,\r\n      "args" : [ ]\r\n    }, {\r\n      "id" : 1,\r\n      "x" : 8,\r\n      "y" : 8,\r\n      "args" : [ ]\r\n    } ],\r\n    "boardElements" : [ {\r\n      "id" : 1,\r\n      "x" : 1,\r\n      "y" : 1,\r\n      "args" : [ "1" ],\r\n      "orientation" : 0\r\n    }, {\r\n      "id" : 3,\r\n      "x" : 1,\r\n      "y" : 4,\r\n      "args" : [ ],\r\n      "orientation" : 0\r\n    }, {\r\n      "id" : 3,\r\n      "x" : 3,\r\n      "y" : 6,\r\n      "args" : [ ],\r\n      "orientation" : 0\r\n    }, {\r\n      "id" : 3,\r\n      "x" : 4,\r\n      "y" : 4,\r\n      "args" : [ ],\r\n      "orientation" : 0\r\n    }, {\r\n      "id" : 3,\r\n      "x" : 5,\r\n      "y" : 8,\r\n      "args" : [ ],\r\n      "orientation" : 0\r\n    }, {\r\n      "id" : 3,\r\n      "x" : 6,\r\n      "y" : 4,\r\n      "args" : [ ],\r\n      "orientation" : 0\r\n    }, {\r\n      "id" : 3,\r\n      "x" : 6,\r\n      "y" : 6,\r\n      "args" : [ ],\r\n      "orientation" : 0\r\n    }, {\r\n      "id" : 2,\r\n      "x" : 7,\r\n      "y" : 8,\r\n      "args" : [ ],\r\n      "orientation" : 0\r\n    }, {\r\n      "id" : 3,\r\n      "x" : 8,\r\n      "y" : 4,\r\n      "args" : [ ],\r\n      "orientation" : 0\r\n    } ],\r\n    "boardHints" : [ ]\r\n  },\r\n  "initialState" : ""\r\n}', 0, 'Seta', 1),
	(18, b'1', 'd65019a9-e875-4681-a204-fc0e0dd8b23b_Condiciones.png', 0, b'1', '{\r\n  "activeblocks" : {\r\n    "specialBlock" : "",\r\n    "categories" : [ {\r\n      "categoryName" : "start",\r\n      "blocksInfo" : {\r\n        "activate" : true,\r\n        "activeBlocks" : [ {\r\n          "blockName" : "start_start",\r\n          "maxUses" : 100\r\n        } ]\r\n      }\r\n    }, {\r\n      "categoryName" : "math",\r\n      "blocksInfo" : {\r\n        "activate" : true,\r\n        "activeBlocks" : [ {\r\n          "blockName" : "math_number",\r\n          "maxUses" : 100\r\n        }, {\r\n          "blockName" : "math_arithmetic",\r\n          "maxUses" : 100\r\n        } ]\r\n      }\r\n    }, {\r\n      "categoryName" : "variable",\r\n      "blocksInfo" : {\r\n        "activate" : true,\r\n        "activeBlocks" : [ {\r\n          "blockName" : "variables_get",\r\n          "maxUses" : 100\r\n        }, {\r\n          "blockName" : "variables_set",\r\n          "maxUses" : 100\r\n        } ]\r\n      }\r\n    }, {\r\n      "categoryName" : "text",\r\n      "blocksInfo" : {\r\n        "activate" : true,\r\n        "activeBlocks" : [ {\r\n          "blockName" : "text",\r\n          "maxUses" : 100\r\n        } ]\r\n      }\r\n    }, {\r\n      "categoryName" : "logic",\r\n      "blocksInfo" : {\r\n        "activate" : true,\r\n        "activeBlocks" : [ {\r\n          "blockName" : "logic_negate",\r\n          "maxUses" : 100\r\n        }, {\r\n          "blockName" : "logic_cells_occupied",\r\n          "maxUses" : 100\r\n        }, {\r\n          "blockName" : "logic_compare",\r\n          "maxUses" : 100\r\n        }, {\r\n          "blockName" : "logic_operation",\r\n          "maxUses" : 100\r\n        }, {\r\n          "blockName" : "logic_boolean",\r\n          "maxUses" : 100\r\n        }, {\r\n          "blockName" : "logic_if",\r\n          "maxUses" : 100\r\n        }, {\r\n          "blockName" : "logic_ifelse",\r\n          "maxUses" : 100\r\n        } ]\r\n      }\r\n    }, {\r\n      "categoryName" : "",\r\n      "blocksInfo" : {\r\n        "activate" : true,\r\n        "activeBlocks" : [ {\r\n          "blockName" : "",\r\n          "maxUses" : 100\r\n        }, {\r\n          "blockName" : "",\r\n          "maxUses" : 100\r\n        } ]\r\n      }\r\n    }, {\r\n      "categoryName" : "movement",\r\n      "blocksInfo" : {\r\n        "activate" : true,\r\n        "activeBlocks" : [ {\r\n          "blockName" : "movement_move",\r\n          "maxUses" : 100\r\n        }, {\r\n          "blockName" : "movement_rotate",\r\n          "maxUses" : 100\r\n        }, {\r\n          "blockName" : "movement_activate_door",\r\n          "maxUses" : 100\r\n        }, {\r\n          "blockName" : "movement_laser_change_intensity",\r\n          "maxUses" : 100\r\n        } ]\r\n      }\r\n    }, {\r\n      "categoryName" : "",\r\n      "blocksInfo" : {\r\n        "activate" : true,\r\n        "activeBlocks" : [ {\r\n          "blockName" : "",\r\n          "maxUses" : 100\r\n        }, {\r\n          "blockName" : "procedures_callnoreturn",\r\n          "maxUses" : 100\r\n        } ]\r\n      }\r\n    } ]\r\n  },\r\n  "boardstate" : {\r\n    "rows" : 7,\r\n    "columns" : 7,\r\n    "cells" : [ {\r\n      "id" : 1,\r\n      "x" : 1,\r\n      "y" : 1,\r\n      "args" : [ ]\r\n    }, {\r\n      "id" : 1,\r\n      "x" : 2,\r\n      "y" : 1,\r\n      "args" : [ ]\r\n    }, {\r\n      "id" : 1,\r\n      "x" : 3,\r\n      "y" : 1,\r\n      "args" : [ ]\r\n    }, {\r\n      "id" : 0,\r\n      "x" : 4,\r\n      "y" : 1,\r\n      "args" : [ ]\r\n    }, {\r\n      "id" : 1,\r\n      "x" : 5,\r\n      "y" : 1,\r\n      "args" : [ ]\r\n    }, {\r\n      "id" : 0,\r\n      "x" : 6,\r\n      "y" : 1,\r\n      "args" : [ ]\r\n    }, {\r\n      "id" : 1,\r\n      "x" : 7,\r\n      "y" : 1,\r\n      "args" : [ ]\r\n    }, {\r\n      "id" : 1,\r\n      "x" : 1,\r\n      "y" : 2,\r\n      "args" : [ ]\r\n    }, {\r\n      "id" : 1,\r\n      "x" : 2,\r\n      "y" : 2,\r\n      "args" : [ ]\r\n    }, {\r\n      "id" : 1,\r\n      "x" : 3,\r\n      "y" : 2,\r\n      "args" : [ ]\r\n    }, {\r\n      "id" : 0,\r\n      "x" : 4,\r\n      "y" : 2,\r\n      "args" : [ ]\r\n    }, {\r\n      "id" : 1,\r\n      "x" : 5,\r\n      "y" : 2,\r\n      "args" : [ ]\r\n    }, {\r\n      "id" : 0,\r\n      "x" : 6,\r\n      "y" : 2,\r\n      "args" : [ ]\r\n    }, {\r\n      "id" : 1,\r\n      "x" : 7,\r\n      "y" : 2,\r\n      "args" : [ ]\r\n    }, {\r\n      "id" : 0,\r\n      "x" : 1,\r\n      "y" : 3,\r\n      "args" : [ ]\r\n    }, {\r\n      "id" : 0,\r\n      "x" : 2,\r\n      "y" : 3,\r\n      "args" : [ ]\r\n    }, {\r\n      "id" : 0,\r\n      "x" : 3,\r\n      "y" : 3,\r\n      "args" : [ ]\r\n    }, {\r\n      "id" : 0,\r\n      "x" : 4,\r\n      "y" : 3,\r\n      "args" : [ ]\r\n    }, {\r\n      "id" : 1,\r\n      "x" : 5,\r\n      "y" : 3,\r\n      "args" : [ ]\r\n    }, {\r\n      "id" : 0,\r\n      "x" : 6,\r\n      "y" : 3,\r\n      "args" : [ ]\r\n    }, {\r\n      "id" : 1,\r\n      "x" : 7,\r\n      "y" : 3,\r\n      "args" : [ ]\r\n    }, {\r\n      "id" : 2,\r\n      "x" : 1,\r\n      "y" : 4,\r\n      "args" : [ ]\r\n    }, {\r\n      "id" : 0,\r\n      "x" : 2,\r\n      "y" : 4,\r\n      "args" : [ ]\r\n    }, {\r\n      "id" : 0,\r\n      "x" : 3,\r\n      "y" : 4,\r\n      "args" : [ ]\r\n    }, {\r\n      "id" : 0,\r\n      "x" : 4,\r\n      "y" : 4,\r\n      "args" : [ ]\r\n    }, {\r\n      "id" : 1,\r\n      "x" : 5,\r\n      "y" : 4,\r\n      "args" : [ ]\r\n    }, {\r\n      "id" : 1,\r\n      "x" : 6,\r\n      "y" : 4,\r\n      "args" : [ ]\r\n    }, {\r\n      "id" : 1,\r\n      "x" : 7,\r\n      "y" : 4,\r\n      "args" : [ ]\r\n    }, {\r\n      "id" : 0,\r\n      "x" : 1,\r\n      "y" : 5,\r\n      "args" : [ ]\r\n    }, {\r\n      "id" : 0,\r\n      "x" : 2,\r\n      "y" : 5,\r\n      "args" : [ ]\r\n    }, {\r\n      "id" : 0,\r\n      "x" : 3,\r\n      "y" : 5,\r\n      "args" : [ ]\r\n    }, {\r\n      "id" : 0,\r\n      "x" : 4,\r\n      "y" : 5,\r\n      "args" : [ ]\r\n    }, {\r\n      "id" : 1,\r\n      "x" : 5,\r\n      "y" : 5,\r\n      "args" : [ ]\r\n    }, {\r\n      "id" : 1,\r\n      "x" : 6,\r\n      "y" : 5,\r\n      "args" : [ ]\r\n    }, {\r\n      "id" : 1,\r\n      "x" : 7,\r\n      "y" : 5,\r\n      "args" : [ ]\r\n    }, {\r\n      "id" : 0,\r\n      "x" : 1,\r\n      "y" : 6,\r\n      "args" : [ ]\r\n    }, {\r\n      "id" : 0,\r\n      "x" : 2,\r\n      "y" : 6,\r\n      "args" : [ ]\r\n    }, {\r\n      "id" : 0,\r\n      "x" : 3,\r\n      "y" : 6,\r\n      "args" : [ ]\r\n    }, {\r\n      "id" : 0,\r\n      "x" : 4,\r\n      "y" : 6,\r\n      "args" : [ ]\r\n    }, {\r\n      "id" : 0,\r\n      "x" : 5,\r\n      "y" : 6,\r\n      "args" : [ ]\r\n    }, {\r\n      "id" : 1,\r\n      "x" : 6,\r\n      "y" : 6,\r\n      "args" : [ ]\r\n    }, {\r\n      "id" : 1,\r\n      "x" : 7,\r\n      "y" : 6,\r\n      "args" : [ ]\r\n    }, {\r\n      "id" : 0,\r\n      "x" : 1,\r\n      "y" : 7,\r\n      "args" : [ ]\r\n    }, {\r\n      "id" : 0,\r\n      "x" : 2,\r\n      "y" : 7,\r\n      "args" : [ ]\r\n    }, {\r\n      "id" : 3,\r\n      "x" : 3,\r\n      "y" : 7,\r\n      "args" : [ ]\r\n    }, {\r\n      "id" : 0,\r\n      "x" : 4,\r\n      "y" : 7,\r\n      "args" : [ ]\r\n    }, {\r\n      "id" : 0,\r\n      "x" : 5,\r\n      "y" : 7,\r\n      "args" : [ ]\r\n    }, {\r\n      "id" : 4,\r\n      "x" : 6,\r\n      "y" : 7,\r\n      "args" : [ ]\r\n    }, {\r\n      "id" : 1,\r\n      "x" : 7,\r\n      "y" : 7,\r\n      "args" : [ ]\r\n    } ],\r\n    "boardElements" : [ {\r\n      "id" : 3,\r\n      "x" : 1,\r\n      "y" : 3,\r\n      "args" : [ ],\r\n      "orientation" : 0\r\n    }, {\r\n      "id" : 1,\r\n      "x" : 1,\r\n      "y" : 7,\r\n      "args" : [ "0" ],\r\n      "orientation" : 0\r\n    }, {\r\n      "id" : 3,\r\n      "x" : 2,\r\n      "y" : 3,\r\n      "args" : [ ],\r\n      "orientation" : 0\r\n    }, {\r\n      "id" : 3,\r\n      "x" : 2,\r\n      "y" : 5,\r\n      "args" : [ ],\r\n      "orientation" : 0\r\n    }, {\r\n      "id" : 3,\r\n      "x" : 2,\r\n      "y" : 6,\r\n      "args" : [ ],\r\n      "orientation" : 0\r\n    }, {\r\n      "id" : 3,\r\n      "x" : 2,\r\n      "y" : 7,\r\n      "args" : [ ],\r\n      "orientation" : 1\r\n    }, {\r\n      "id" : 3,\r\n      "x" : 3,\r\n      "y" : 3,\r\n      "args" : [ ],\r\n      "orientation" : 0\r\n    }, {\r\n      "id" : 2,\r\n      "x" : 4,\r\n      "y" : 1,\r\n      "args" : [ ],\r\n      "orientation" : 0\r\n    }, {\r\n      "id" : 3,\r\n      "x" : 4,\r\n      "y" : 2,\r\n      "args" : [ ],\r\n      "orientation" : 0\r\n    }, {\r\n      "id" : 3,\r\n      "x" : 4,\r\n      "y" : 3,\r\n      "args" : [ ],\r\n      "orientation" : 0\r\n    }, {\r\n      "id" : 3,\r\n      "x" : 4,\r\n      "y" : 4,\r\n      "args" : [ ],\r\n      "orientation" : 0\r\n    }, {\r\n      "id" : 3,\r\n      "x" : 4,\r\n      "y" : 5,\r\n      "args" : [ ],\r\n      "orientation" : 0\r\n    }, {\r\n      "id" : 3,\r\n      "x" : 4,\r\n      "y" : 6,\r\n      "args" : [ ],\r\n      "orientation" : 0\r\n    }, {\r\n      "id" : 3,\r\n      "x" : 5,\r\n      "y" : 6,\r\n      "args" : [ ],\r\n      "orientation" : 0\r\n    }, {\r\n      "id" : 0,\r\n      "x" : 6,\r\n      "y" : 1,\r\n      "args" : [ ],\r\n      "orientation" : 5\r\n    }, {\r\n      "id" : 4,\r\n      "x" : 6,\r\n      "y" : 3,\r\n      "args" : [ "False" ],\r\n      "orientation" : 0\r\n    } ],\r\n    "boardHints" : [ ]\r\n  },\r\n  "initialState" : ""\r\n}', 0, 'Condiciones', 1),
	(12351, b'1', '912de7f8-d0b6-49de-9056-363f95f654d4_TREX.png', 1, b'1', '{\r\n  "activeblocks" : {\r\n    "specialBlock" : "",\r\n    "categories" : [ {\r\n      "categoryName" : "start",\r\n      "blocksInfo" : {\r\n        "activate" : true,\r\n        "activeBlocks" : [ {\r\n          "blockName" : "start_start",\r\n          "maxUses" : 100\r\n        } ]\r\n      }\r\n    }, {\r\n      "categoryName" : "math",\r\n      "blocksInfo" : {\r\n        "activate" : true,\r\n        "activeBlocks" : [ {\r\n          "blockName" : "math_number",\r\n          "maxUses" : 100\r\n        }, {\r\n          "blockName" : "math_arithmetic",\r\n          "maxUses" : 100\r\n        } ]\r\n      }\r\n    }, {\r\n      "categoryName" : "variable",\r\n      "blocksInfo" : {\r\n        "activate" : true,\r\n        "activeBlocks" : [ {\r\n          "blockName" : "variables_get",\r\n          "maxUses" : 100\r\n        }, {\r\n          "blockName" : "variables_set",\r\n          "maxUses" : 100\r\n        } ]\r\n      }\r\n    }, {\r\n      "categoryName" : "text",\r\n      "blocksInfo" : {\r\n        "activate" : true,\r\n        "activeBlocks" : [ {\r\n          "blockName" : "text",\r\n          "maxUses" : 100\r\n        } ]\r\n      }\r\n    }, {\r\n      "categoryName" : "",\r\n      "blocksInfo" : {\r\n        "activate" : true,\r\n        "activeBlocks" : [ {\r\n          "blockName" : "",\r\n          "maxUses" : 100\r\n        }, {\r\n          "blockName" : "",\r\n          "maxUses" : 100\r\n        }, {\r\n          "blockName" : "",\r\n          "maxUses" : 100\r\n        }, {\r\n          "blockName" : "",\r\n          "maxUses" : 100\r\n        }, {\r\n          "blockName" : "",\r\n          "maxUses" : 100\r\n        }, {\r\n          "blockName" : "",\r\n          "maxUses" : 100\r\n        }, {\r\n          "blockName" : "",\r\n          "maxUses" : 100\r\n        } ]\r\n      }\r\n    }, {\r\n      "categoryName" : "",\r\n      "blocksInfo" : {\r\n        "activate" : true,\r\n        "activeBlocks" : [ {\r\n          "blockName" : "",\r\n          "maxUses" : 100\r\n        }, {\r\n          "blockName" : "",\r\n          "maxUses" : 100\r\n        } ]\r\n      }\r\n    }, {\r\n      "categoryName" : "movement",\r\n      "blocksInfo" : {\r\n        "activate" : true,\r\n        "activeBlocks" : [ {\r\n          "blockName" : "movement_move",\r\n          "maxUses" : 100\r\n        }, {\r\n          "blockName" : "movement_rotate",\r\n          "maxUses" : 100\r\n        }, {\r\n          "blockName" : "movement_activate_door",\r\n          "maxUses" : 100\r\n        }, {\r\n          "blockName" : "movement_laser_change_intensity",\r\n          "maxUses" : 100\r\n        } ]\r\n      }\r\n    }, {\r\n      "categoryName" : "",\r\n      "blocksInfo" : {\r\n        "activate" : true,\r\n        "activeBlocks" : [ {\r\n          "blockName" : "",\r\n          "maxUses" : 100\r\n        }, {\r\n          "blockName" : "procedures_callnoreturn",\r\n          "maxUses" : 100\r\n        } ]\r\n      }\r\n    } ]\r\n  },\r\n  "boardstate" : {\r\n    "rows" : 12,\r\n    "columns" : 12,\r\n    "cells" : [ {\r\n      "id" : 1,\r\n      "x" : 1,\r\n      "y" : 1,\r\n      "args" : [ ]\r\n    }, {\r\n      "id" : 1,\r\n      "x" : 2,\r\n      "y" : 1,\r\n      "args" : [ ]\r\n    }, {\r\n      "id" : 1,\r\n      "x" : 3,\r\n      "y" : 1,\r\n      "args" : [ ]\r\n    }, {\r\n      "id" : 3,\r\n      "x" : 4,\r\n      "y" : 1,\r\n      "args" : [ ]\r\n    }, {\r\n      "id" : 3,\r\n      "x" : 5,\r\n      "y" : 1,\r\n      "args" : [ ]\r\n    }, {\r\n      "id" : 1,\r\n      "x" : 6,\r\n      "y" : 1,\r\n      "args" : [ ]\r\n    }, {\r\n      "id" : 1,\r\n      "x" : 7,\r\n      "y" : 1,\r\n      "args" : [ ]\r\n    }, {\r\n      "id" : 3,\r\n      "x" : 8,\r\n      "y" : 1,\r\n      "args" : [ ]\r\n    }, {\r\n      "id" : 3,\r\n      "x" : 9,\r\n      "y" : 1,\r\n      "args" : [ ]\r\n    }, {\r\n      "id" : 1,\r\n      "x" : 10,\r\n      "y" : 1,\r\n      "args" : [ ]\r\n    }, {\r\n      "id" : 1,\r\n      "x" : 11,\r\n      "y" : 1,\r\n      "args" : [ ]\r\n    }, {\r\n      "id" : 1,\r\n      "x" : 12,\r\n      "y" : 1,\r\n      "args" : [ ]\r\n    }, {\r\n      "id" : 1,\r\n      "x" : 1,\r\n      "y" : 2,\r\n      "args" : [ ]\r\n    }, {\r\n      "id" : 1,\r\n      "x" : 2,\r\n      "y" : 2,\r\n      "args" : [ ]\r\n    }, {\r\n      "id" : 1,\r\n      "x" : 3,\r\n      "y" : 2,\r\n      "args" : [ ]\r\n    }, {\r\n      "id" : 3,\r\n      "x" : 4,\r\n      "y" : 2,\r\n      "args" : [ ]\r\n    }, {\r\n      "id" : 1,\r\n      "x" : 5,\r\n      "y" : 2,\r\n      "args" : [ ]\r\n    }, {\r\n      "id" : 1,\r\n      "x" : 6,\r\n      "y" : 2,\r\n      "args" : [ ]\r\n    }, {\r\n      "id" : 1,\r\n      "x" : 7,\r\n      "y" : 2,\r\n      "args" : [ ]\r\n    }, {\r\n      "id" : 3,\r\n      "x" : 8,\r\n      "y" : 2,\r\n      "args" : [ ]\r\n    }, {\r\n      "id" : 1,\r\n      "x" : 9,\r\n      "y" : 2,\r\n      "args" : [ ]\r\n    }, {\r\n      "id" : 1,\r\n      "x" : 10,\r\n      "y" : 2,\r\n      "args" : [ ]\r\n    }, {\r\n      "id" : 1,\r\n      "x" : 11,\r\n      "y" : 2,\r\n      "args" : [ ]\r\n    }, {\r\n      "id" : 1,\r\n      "x" : 12,\r\n      "y" : 2,\r\n      "args" : [ ]\r\n    }, {\r\n      "id" : 1,\r\n      "x" : 1,\r\n      "y" : 3,\r\n      "args" : [ ]\r\n    }, {\r\n      "id" : 1,\r\n      "x" : 2,\r\n      "y" : 3,\r\n      "args" : [ ]\r\n    }, {\r\n      "id" : 1,\r\n      "x" : 3,\r\n      "y" : 3,\r\n      "args" : [ ]\r\n    }, {\r\n      "id" : 3,\r\n      "x" : 4,\r\n      "y" : 3,\r\n      "args" : [ ]\r\n    }, {\r\n      "id" : 3,\r\n      "x" : 5,\r\n      "y" : 3,\r\n      "args" : [ ]\r\n    }, {\r\n      "id" : 1,\r\n      "x" : 6,\r\n      "y" : 3,\r\n      "args" : [ ]\r\n    }, {\r\n      "id" : 3,\r\n      "x" : 7,\r\n      "y" : 3,\r\n      "args" : [ ]\r\n    }, {\r\n      "id" : 3,\r\n      "x" : 8,\r\n      "y" : 3,\r\n      "args" : [ ]\r\n    }, {\r\n      "id" : 1,\r\n      "x" : 9,\r\n      "y" : 3,\r\n      "args" : [ ]\r\n    }, {\r\n      "id" : 1,\r\n      "x" : 10,\r\n      "y" : 3,\r\n      "args" : [ ]\r\n    }, {\r\n      "id" : 1,\r\n      "x" : 11,\r\n      "y" : 3,\r\n      "args" : [ ]\r\n    }, {\r\n      "id" : 1,\r\n      "x" : 12,\r\n      "y" : 3,\r\n      "args" : [ ]\r\n    }, {\r\n      "id" : 1,\r\n      "x" : 1,\r\n      "y" : 4,\r\n      "args" : [ ]\r\n    }, {\r\n      "id" : 1,\r\n      "x" : 2,\r\n      "y" : 4,\r\n      "args" : [ ]\r\n    }, {\r\n      "id" : 3,\r\n      "x" : 3,\r\n      "y" : 4,\r\n      "args" : [ ]\r\n    }, {\r\n      "id" : 3,\r\n      "x" : 4,\r\n      "y" : 4,\r\n      "args" : [ ]\r\n    }, {\r\n      "id" : 3,\r\n      "x" : 5,\r\n      "y" : 4,\r\n      "args" : [ ]\r\n    }, {\r\n      "id" : 3,\r\n      "x" : 6,\r\n      "y" : 4,\r\n      "args" : [ ]\r\n    }, {\r\n      "id" : 3,\r\n      "x" : 7,\r\n      "y" : 4,\r\n      "args" : [ ]\r\n    }, {\r\n      "id" : 3,\r\n      "x" : 8,\r\n      "y" : 4,\r\n      "args" : [ ]\r\n    }, {\r\n      "id" : 3,\r\n      "x" : 9,\r\n      "y" : 4,\r\n      "args" : [ ]\r\n    }, {\r\n      "id" : 1,\r\n      "x" : 10,\r\n      "y" : 4,\r\n      "args" : [ ]\r\n    }, {\r\n      "id" : 1,\r\n      "x" : 11,\r\n      "y" : 4,\r\n      "args" : [ ]\r\n    }, {\r\n      "id" : 1,\r\n      "x" : 12,\r\n      "y" : 4,\r\n      "args" : [ ]\r\n    }, {\r\n      "id" : 1,\r\n      "x" : 1,\r\n      "y" : 5,\r\n      "args" : [ ]\r\n    }, {\r\n      "id" : 3,\r\n      "x" : 2,\r\n      "y" : 5,\r\n      "args" : [ ]\r\n    }, {\r\n      "id" : 3,\r\n      "x" : 3,\r\n      "y" : 5,\r\n      "args" : [ ]\r\n    }, {\r\n      "id" : 3,\r\n      "x" : 4,\r\n      "y" : 5,\r\n      "args" : [ ]\r\n    }, {\r\n      "id" : 3,\r\n      "x" : 5,\r\n      "y" : 5,\r\n      "args" : [ ]\r\n    }, {\r\n      "id" : 3,\r\n      "x" : 6,\r\n      "y" : 5,\r\n      "args" : [ ]\r\n    }, {\r\n      "id" : 3,\r\n      "x" : 7,\r\n      "y" : 5,\r\n      "args" : [ ]\r\n    }, {\r\n      "id" : 3,\r\n      "x" : 8,\r\n      "y" : 5,\r\n      "args" : [ ]\r\n    }, {\r\n      "id" : 3,\r\n      "x" : 9,\r\n      "y" : 5,\r\n      "args" : [ ]\r\n    }, {\r\n      "id" : 1,\r\n      "x" : 10,\r\n      "y" : 5,\r\n      "args" : [ ]\r\n    }, {\r\n      "id" : 3,\r\n      "x" : 11,\r\n      "y" : 5,\r\n      "args" : [ ]\r\n    }, {\r\n      "id" : 1,\r\n      "x" : 12,\r\n      "y" : 5,\r\n      "args" : [ ]\r\n    }, {\r\n      "id" : 3,\r\n      "x" : 1,\r\n      "y" : 6,\r\n      "args" : [ ]\r\n    }, {\r\n      "id" : 3,\r\n      "x" : 2,\r\n      "y" : 6,\r\n      "args" : [ ]\r\n    }, {\r\n      "id" : 3,\r\n      "x" : 3,\r\n      "y" : 6,\r\n      "args" : [ ]\r\n    }, {\r\n      "id" : 3,\r\n      "x" : 4,\r\n      "y" : 6,\r\n      "args" : [ ]\r\n    }, {\r\n      "id" : 3,\r\n      "x" : 5,\r\n      "y" : 6,\r\n      "args" : [ ]\r\n    }, {\r\n      "id" : 3,\r\n      "x" : 6,\r\n      "y" : 6,\r\n      "args" : [ ]\r\n    }, {\r\n      "id" : 3,\r\n      "x" : 7,\r\n      "y" : 6,\r\n      "args" : [ ]\r\n    }, {\r\n      "id" : 3,\r\n      "x" : 8,\r\n      "y" : 6,\r\n      "args" : [ ]\r\n    }, {\r\n      "id" : 3,\r\n      "x" : 9,\r\n      "y" : 6,\r\n      "args" : [ ]\r\n    }, {\r\n      "id" : 3,\r\n      "x" : 10,\r\n      "y" : 6,\r\n      "args" : [ ]\r\n    }, {\r\n      "id" : 3,\r\n      "x" : 11,\r\n      "y" : 6,\r\n      "args" : [ ]\r\n    }, {\r\n      "id" : 1,\r\n      "x" : 12,\r\n      "y" : 6,\r\n      "args" : [ ]\r\n    }, {\r\n      "id" : 3,\r\n      "x" : 1,\r\n      "y" : 7,\r\n      "args" : [ ]\r\n    }, {\r\n      "id" : 3,\r\n      "x" : 2,\r\n      "y" : 7,\r\n      "args" : [ ]\r\n    }, {\r\n      "id" : 1,\r\n      "x" : 3,\r\n      "y" : 7,\r\n      "args" : [ ]\r\n    }, {\r\n      "id" : 1,\r\n      "x" : 4,\r\n      "y" : 7,\r\n      "args" : [ ]\r\n    }, {\r\n      "id" : 3,\r\n      "x" : 5,\r\n      "y" : 7,\r\n      "args" : [ ]\r\n    }, {\r\n      "id" : 3,\r\n      "x" : 6,\r\n      "y" : 7,\r\n      "args" : [ ]\r\n    }, {\r\n      "id" : 3,\r\n      "x" : 7,\r\n      "y" : 7,\r\n      "args" : [ ]\r\n    }, {\r\n      "id" : 3,\r\n      "x" : 8,\r\n      "y" : 7,\r\n      "args" : [ ]\r\n    }, {\r\n      "id" : 3,\r\n      "x" : 9,\r\n      "y" : 7,\r\n      "args" : [ ]\r\n    }, {\r\n      "id" : 1,\r\n      "x" : 10,\r\n      "y" : 7,\r\n      "args" : [ ]\r\n    }, {\r\n      "id" : 1,\r\n      "x" : 11,\r\n      "y" : 7,\r\n      "args" : [ ]\r\n    }, {\r\n      "id" : 1,\r\n      "x" : 12,\r\n      "y" : 7,\r\n      "args" : [ ]\r\n    }, {\r\n      "id" : 3,\r\n      "x" : 1,\r\n      "y" : 8,\r\n      "args" : [ ]\r\n    }, {\r\n      "id" : 1,\r\n      "x" : 2,\r\n      "y" : 8,\r\n      "args" : [ ]\r\n    }, {\r\n      "id" : 1,\r\n      "x" : 3,\r\n      "y" : 8,\r\n      "args" : [ ]\r\n    }, {\r\n      "id" : 1,\r\n      "x" : 4,\r\n      "y" : 8,\r\n      "args" : [ ]\r\n    }, {\r\n      "id" : 1,\r\n      "x" : 5,\r\n      "y" : 8,\r\n      "args" : [ ]\r\n    }, {\r\n      "id" : 3,\r\n      "x" : 6,\r\n      "y" : 8,\r\n      "args" : [ ]\r\n    }, {\r\n      "id" : 3,\r\n      "x" : 7,\r\n      "y" : 8,\r\n      "args" : [ ]\r\n    }, {\r\n      "id" : 3,\r\n      "x" : 8,\r\n      "y" : 8,\r\n      "args" : [ ]\r\n    }, {\r\n      "id" : 3,\r\n      "x" : 9,\r\n      "y" : 8,\r\n      "args" : [ ]\r\n    }, {\r\n      "id" : 3,\r\n      "x" : 10,\r\n      "y" : 8,\r\n      "args" : [ ]\r\n    }, {\r\n      "id" : 3,\r\n      "x" : 11,\r\n      "y" : 8,\r\n      "args" : [ ]\r\n    }, {\r\n      "id" : 3,\r\n      "x" : 12,\r\n      "y" : 8,\r\n      "args" : [ ]\r\n    }, {\r\n      "id" : 1,\r\n      "x" : 1,\r\n      "y" : 9,\r\n      "args" : [ ]\r\n    }, {\r\n      "id" : 1,\r\n      "x" : 2,\r\n      "y" : 9,\r\n      "args" : [ ]\r\n    }, {\r\n      "id" : 1,\r\n      "x" : 3,\r\n      "y" : 9,\r\n      "args" : [ ]\r\n    }, {\r\n      "id" : 1,\r\n      "x" : 4,\r\n      "y" : 9,\r\n      "args" : [ ]\r\n    }, {\r\n      "id" : 1,\r\n      "x" : 5,\r\n      "y" : 9,\r\n      "args" : [ ]\r\n    }, {\r\n      "id" : 1,\r\n      "x" : 6,\r\n      "y" : 9,\r\n      "args" : [ ]\r\n    }, {\r\n      "id" : 3,\r\n      "x" : 7,\r\n      "y" : 9,\r\n      "args" : [ ]\r\n    }, {\r\n      "id" : 3,\r\n      "x" : 8,\r\n      "y" : 9,\r\n      "args" : [ ]\r\n    }, {\r\n      "id" : 3,\r\n      "x" : 9,\r\n      "y" : 9,\r\n      "args" : [ ]\r\n    }, {\r\n      "id" : 1,\r\n      "x" : 10,\r\n      "y" : 9,\r\n      "args" : [ ]\r\n    }, {\r\n      "id" : 1,\r\n      "x" : 11,\r\n      "y" : 9,\r\n      "args" : [ ]\r\n    }, {\r\n      "id" : 1,\r\n      "x" : 12,\r\n      "y" : 9,\r\n      "args" : [ ]\r\n    }, {\r\n      "id" : 1,\r\n      "x" : 1,\r\n      "y" : 10,\r\n      "args" : [ ]\r\n    }, {\r\n      "id" : 1,\r\n      "x" : 2,\r\n      "y" : 10,\r\n      "args" : [ ]\r\n    }, {\r\n      "id" : 1,\r\n      "x" : 3,\r\n      "y" : 10,\r\n      "args" : [ ]\r\n    }, {\r\n      "id" : 1,\r\n      "x" : 4,\r\n      "y" : 10,\r\n      "args" : [ ]\r\n    }, {\r\n      "id" : 1,\r\n      "x" : 5,\r\n      "y" : 10,\r\n      "args" : [ ]\r\n    }, {\r\n      "id" : 1,\r\n      "x" : 6,\r\n      "y" : 10,\r\n      "args" : [ ]\r\n    }, {\r\n      "id" : 3,\r\n      "x" : 7,\r\n      "y" : 10,\r\n      "args" : [ ]\r\n    }, {\r\n      "id" : 3,\r\n      "x" : 8,\r\n      "y" : 10,\r\n      "args" : [ ]\r\n    }, {\r\n      "id" : 3,\r\n      "x" : 9,\r\n      "y" : 10,\r\n      "args" : [ ]\r\n    }, {\r\n      "id" : 3,\r\n      "x" : 10,\r\n      "y" : 10,\r\n      "args" : [ ]\r\n    }, {\r\n      "id" : 3,\r\n      "x" : 11,\r\n      "y" : 10,\r\n      "args" : [ ]\r\n    }, {\r\n      "id" : 3,\r\n      "x" : 12,\r\n      "y" : 10,\r\n      "args" : [ ]\r\n    }, {\r\n      "id" : 1,\r\n      "x" : 1,\r\n      "y" : 11,\r\n      "args" : [ ]\r\n    }, {\r\n      "id" : 1,\r\n      "x" : 2,\r\n      "y" : 11,\r\n      "args" : [ ]\r\n    }, {\r\n      "id" : 1,\r\n      "x" : 3,\r\n      "y" : 11,\r\n      "args" : [ ]\r\n    }, {\r\n      "id" : 1,\r\n      "x" : 4,\r\n      "y" : 11,\r\n      "args" : [ ]\r\n    }, {\r\n      "id" : 1,\r\n      "x" : 5,\r\n      "y" : 11,\r\n      "args" : [ ]\r\n    }, {\r\n      "id" : 1,\r\n      "x" : 6,\r\n      "y" : 11,\r\n      "args" : [ ]\r\n    }, {\r\n      "id" : 3,\r\n      "x" : 7,\r\n      "y" : 11,\r\n      "args" : [ ]\r\n    }, {\r\n      "id" : 3,\r\n      "x" : 8,\r\n      "y" : 11,\r\n      "args" : [ ]\r\n    }, {\r\n      "id" : 2,\r\n      "x" : 9,\r\n      "y" : 11,\r\n      "args" : [ ]\r\n    }, {\r\n      "id" : 3,\r\n      "x" : 10,\r\n      "y" : 11,\r\n      "args" : [ ]\r\n    }, {\r\n      "id" : 3,\r\n      "x" : 11,\r\n      "y" : 11,\r\n      "args" : [ ]\r\n    }, {\r\n      "id" : 3,\r\n      "x" : 12,\r\n      "y" : 11,\r\n      "args" : [ ]\r\n    }, {\r\n      "id" : 1,\r\n      "x" : 1,\r\n      "y" : 12,\r\n      "args" : [ ]\r\n    }, {\r\n      "id" : 1,\r\n      "x" : 2,\r\n      "y" : 12,\r\n      "args" : [ ]\r\n    }, {\r\n      "id" : 1,\r\n      "x" : 3,\r\n      "y" : 12,\r\n      "args" : [ ]\r\n    }, {\r\n      "id" : 1,\r\n      "x" : 4,\r\n      "y" : 12,\r\n      "args" : [ ]\r\n    }, {\r\n      "id" : 1,\r\n      "x" : 5,\r\n      "y" : 12,\r\n      "args" : [ ]\r\n    }, {\r\n      "id" : 1,\r\n      "x" : 6,\r\n      "y" : 12,\r\n      "args" : [ ]\r\n    }, {\r\n      "id" : 1,\r\n      "x" : 7,\r\n      "y" : 12,\r\n      "args" : [ ]\r\n    }, {\r\n      "id" : 3,\r\n      "x" : 8,\r\n      "y" : 12,\r\n      "args" : [ ]\r\n    }, {\r\n      "id" : 3,\r\n      "x" : 9,\r\n      "y" : 12,\r\n      "args" : [ ]\r\n    }, {\r\n      "id" : 3,\r\n      "x" : 10,\r\n      "y" : 12,\r\n      "args" : [ ]\r\n    }, {\r\n      "id" : 3,\r\n      "x" : 11,\r\n      "y" : 12,\r\n      "args" : [ ]\r\n    }, {\r\n      "id" : 1,\r\n      "x" : 12,\r\n      "y" : 12,\r\n      "args" : [ ]\r\n    } ],\r\n    "boardElements" : [ {\r\n      "id" : 3,\r\n      "x" : 1,\r\n      "y" : 8,\r\n      "args" : [ ],\r\n      "orientation" : 0\r\n    }, {\r\n      "id" : 3,\r\n      "x" : 2,\r\n      "y" : 7,\r\n      "args" : [ ],\r\n      "orientation" : 0\r\n    }, {\r\n      "id" : 3,\r\n      "x" : 4,\r\n      "y" : 6,\r\n      "args" : [ ],\r\n      "orientation" : 0\r\n    }, {\r\n      "id" : 1,\r\n      "x" : 5,\r\n      "y" : 1,\r\n      "args" : [ "0" ],\r\n      "orientation" : 0\r\n    }, {\r\n      "id" : 3,\r\n      "x" : 5,\r\n      "y" : 5,\r\n      "args" : [ ],\r\n      "orientation" : 0\r\n    }, {\r\n      "id" : 3,\r\n      "x" : 5,\r\n      "y" : 7,\r\n      "args" : [ ],\r\n      "orientation" : 0\r\n    }, {\r\n      "id" : 3,\r\n      "x" : 6,\r\n      "y" : 6,\r\n      "args" : [ ],\r\n      "orientation" : 0\r\n    }, {\r\n      "id" : 3,\r\n      "x" : 6,\r\n      "y" : 8,\r\n      "args" : [ ],\r\n      "orientation" : 0\r\n    }, {\r\n      "id" : 3,\r\n      "x" : 7,\r\n      "y" : 5,\r\n      "args" : [ ],\r\n      "orientation" : 0\r\n    }, {\r\n      "id" : 3,\r\n      "x" : 7,\r\n      "y" : 7,\r\n      "args" : [ ],\r\n      "orientation" : 0\r\n    }, {\r\n      "id" : 3,\r\n      "x" : 8,\r\n      "y" : 6,\r\n      "args" : [ ],\r\n      "orientation" : 0\r\n    }, {\r\n      "id" : 3,\r\n      "x" : 9,\r\n      "y" : 8,\r\n      "args" : [ ],\r\n      "orientation" : 0\r\n    }, {\r\n      "id" : 3,\r\n      "x" : 9,\r\n      "y" : 9,\r\n      "args" : [ ],\r\n      "orientation" : 0\r\n    }, {\r\n      "id" : 3,\r\n      "x" : 10,\r\n      "y" : 8,\r\n      "args" : [ ],\r\n      "orientation" : 0\r\n    }, {\r\n      "id" : 3,\r\n      "x" : 11,\r\n      "y" : 8,\r\n      "args" : [ ],\r\n      "orientation" : 0\r\n    }, {\r\n      "id" : 3,\r\n      "x" : 12,\r\n      "y" : 8,\r\n      "args" : [ ],\r\n      "orientation" : 0\r\n    }, {\r\n      "id" : 2,\r\n      "x" : 12,\r\n      "y" : 11,\r\n      "args" : [ ],\r\n      "orientation" : 0\r\n    } ],\r\n    "boardHints" : [ ]\r\n  },\r\n  "initialState" : "<xml>\\r\\n    <variables>\\r\\n        <variable type=\\"\\" id=\\"-4Vcu}xg0vzhs*Y?*NM?\\">Laser</variable>\\r\\n    </variables>\\r\\n    <block type=\\"start_start\\" id=\\"jK|09VZeHw@*t!MM1jKj\\" x=\\"137\\" y=\\"-78\\">\\r\\n        <next>\\r\\n            <block type=\\"variables_set\\" id=\\"v-07yvEBIl||um%b{Xiu\\">\\r\\n                <field name=\\"VAR\\" id=\\"-4Vcu}xg0vzhs*Y?*NM?\\" variableType=\\"\\">Laser</field>\\r\\n                <value name=\\"VALUE\\">\\r\\n                    <block type=\\"text\\" id=\\"pa|-Qx)iLNHXSQBQ;35%\\">\\r\\n                        <field name=\\"TEXT\\">Laser_1</field>\\r\\n                    </block>\\r\\n                </value>\\r\\n                <next>\\r\\n                    <block type=\\"movement_move\\" id=\\"(1ssPXcyKYD#%c([e=Bi\\">\\r\\n                        <field name=\\"DIRECTION\\">RIGHT</field>\\r\\n                        <value name=\\"NAME\\">\\r\\n                            <block type=\\"variables_get\\" id=\\"}8jR,FJyFo6/Jx[]}A%*\\">\\r\\n                                <field name=\\"VAR\\" id=\\"-4Vcu}xg0vzhs*Y?*NM?\\" variableType=\\"\\">Laser</field>\\r\\n                            </block>\\r\\n                        </value>\\r\\n                    </block>\\r\\n                </next>\\r\\n            </block>\\r\\n        </next>\\r\\n    </block>\\r\\n</xml>"\r\n}', 0, 'TREX', 3),
	(16123, b'1', 'b55c8eb6-5702-4e3a-8f88-6adb64651953_Creeper.png', 1, b'1', '{\r\n  "activeblocks" : {\r\n    "specialBlock" : "",\r\n    "categories" : [ {\r\n      "categoryName" : "start",\r\n      "blocksInfo" : {\r\n        "activate" : true,\r\n        "activeBlocks" : [ {\r\n          "blockName" : "start_start",\r\n          "maxUses" : 100\r\n        } ]\r\n      }\r\n    }, {\r\n      "categoryName" : "math",\r\n      "blocksInfo" : {\r\n        "activate" : true,\r\n        "activeBlocks" : [ {\r\n          "blockName" : "math_number",\r\n          "maxUses" : 100\r\n        }, {\r\n          "blockName" : "math_arithmetic",\r\n          "maxUses" : 100\r\n        } ]\r\n      }\r\n    }, {\r\n      "categoryName" : "variable",\r\n      "blocksInfo" : {\r\n        "activate" : true,\r\n        "activeBlocks" : [ {\r\n          "blockName" : "variables_get",\r\n          "maxUses" : 100\r\n        }, {\r\n          "blockName" : "variables_set",\r\n          "maxUses" : 100\r\n        } ]\r\n      }\r\n    }, {\r\n      "categoryName" : "text",\r\n      "blocksInfo" : {\r\n        "activate" : true,\r\n        "activeBlocks" : [ {\r\n          "blockName" : "text",\r\n          "maxUses" : 100\r\n        } ]\r\n      }\r\n    }, {\r\n      "categoryName" : "",\r\n      "blocksInfo" : {\r\n        "activate" : true,\r\n        "activeBlocks" : [ {\r\n          "blockName" : "",\r\n          "maxUses" : 100\r\n        }, {\r\n          "blockName" : "",\r\n          "maxUses" : 100\r\n        }, {\r\n          "blockName" : "",\r\n          "maxUses" : 100\r\n        }, {\r\n          "blockName" : "",\r\n          "maxUses" : 100\r\n        }, {\r\n          "blockName" : "",\r\n          "maxUses" : 100\r\n        }, {\r\n          "blockName" : "",\r\n          "maxUses" : 100\r\n        }, {\r\n          "blockName" : "",\r\n          "maxUses" : 100\r\n        } ]\r\n      }\r\n    }, {\r\n      "categoryName" : "",\r\n      "blocksInfo" : {\r\n        "activate" : true,\r\n        "activeBlocks" : [ {\r\n          "blockName" : "",\r\n          "maxUses" : 100\r\n        }, {\r\n          "blockName" : "",\r\n          "maxUses" : 100\r\n        } ]\r\n      }\r\n    }, {\r\n      "categoryName" : "movement",\r\n      "blocksInfo" : {\r\n        "activate" : true,\r\n        "activeBlocks" : [ {\r\n          "blockName" : "movement_move",\r\n          "maxUses" : 100\r\n        }, {\r\n          "blockName" : "movement_rotate",\r\n          "maxUses" : 100\r\n        }, {\r\n          "blockName" : "movement_activate_door",\r\n          "maxUses" : 100\r\n        }, {\r\n          "blockName" : "movement_laser_change_intensity",\r\n          "maxUses" : 100\r\n        } ]\r\n      }\r\n    }, {\r\n      "categoryName" : "",\r\n      "blocksInfo" : {\r\n        "activate" : true,\r\n        "activeBlocks" : [ {\r\n          "blockName" : "",\r\n          "maxUses" : 100\r\n        }, {\r\n          "blockName" : "procedures_callnoreturn",\r\n          "maxUses" : 100\r\n        } ]\r\n      }\r\n    } ]\r\n  },\r\n  "boardstate" : {\r\n    "rows" : 10,\r\n    "columns" : 10,\r\n    "cells" : [ {\r\n      "id" : 0,\r\n      "x" : 1,\r\n      "y" : 1,\r\n      "args" : [ ]\r\n    }, {\r\n      "id" : 3,\r\n      "x" : 2,\r\n      "y" : 1,\r\n      "args" : [ ]\r\n    }, {\r\n      "id" : 3,\r\n      "x" : 3,\r\n      "y" : 1,\r\n      "args" : [ ]\r\n    }, {\r\n      "id" : 3,\r\n      "x" : 4,\r\n      "y" : 1,\r\n      "args" : [ ]\r\n    }, {\r\n      "id" : 3,\r\n      "x" : 5,\r\n      "y" : 1,\r\n      "args" : [ ]\r\n    }, {\r\n      "id" : 3,\r\n      "x" : 6,\r\n      "y" : 1,\r\n      "args" : [ ]\r\n    }, {\r\n      "id" : 3,\r\n      "x" : 7,\r\n      "y" : 1,\r\n      "args" : [ ]\r\n    }, {\r\n      "id" : 3,\r\n      "x" : 8,\r\n      "y" : 1,\r\n      "args" : [ ]\r\n    }, {\r\n      "id" : 3,\r\n      "x" : 9,\r\n      "y" : 1,\r\n      "args" : [ ]\r\n    }, {\r\n      "id" : 0,\r\n      "x" : 10,\r\n      "y" : 1,\r\n      "args" : [ ]\r\n    }, {\r\n      "id" : 0,\r\n      "x" : 1,\r\n      "y" : 2,\r\n      "args" : [ ]\r\n    }, {\r\n      "id" : 3,\r\n      "x" : 2,\r\n      "y" : 2,\r\n      "args" : [ ]\r\n    }, {\r\n      "id" : 3,\r\n      "x" : 3,\r\n      "y" : 2,\r\n      "args" : [ ]\r\n    }, {\r\n      "id" : 3,\r\n      "x" : 4,\r\n      "y" : 2,\r\n      "args" : [ ]\r\n    }, {\r\n      "id" : 3,\r\n      "x" : 5,\r\n      "y" : 2,\r\n      "args" : [ ]\r\n    }, {\r\n      "id" : 3,\r\n      "x" : 6,\r\n      "y" : 2,\r\n      "args" : [ ]\r\n    }, {\r\n      "id" : 3,\r\n      "x" : 7,\r\n      "y" : 2,\r\n      "args" : [ ]\r\n    }, {\r\n      "id" : 3,\r\n      "x" : 8,\r\n      "y" : 2,\r\n      "args" : [ ]\r\n    }, {\r\n      "id" : 3,\r\n      "x" : 9,\r\n      "y" : 2,\r\n      "args" : [ ]\r\n    }, {\r\n      "id" : 0,\r\n      "x" : 10,\r\n      "y" : 2,\r\n      "args" : [ ]\r\n    }, {\r\n      "id" : 0,\r\n      "x" : 1,\r\n      "y" : 3,\r\n      "args" : [ ]\r\n    }, {\r\n      "id" : 3,\r\n      "x" : 2,\r\n      "y" : 3,\r\n      "args" : [ ]\r\n    }, {\r\n      "id" : 3,\r\n      "x" : 3,\r\n      "y" : 3,\r\n      "args" : [ ]\r\n    }, {\r\n      "id" : 3,\r\n      "x" : 4,\r\n      "y" : 3,\r\n      "args" : [ ]\r\n    }, {\r\n      "id" : 3,\r\n      "x" : 5,\r\n      "y" : 3,\r\n      "args" : [ ]\r\n    }, {\r\n      "id" : 3,\r\n      "x" : 6,\r\n      "y" : 3,\r\n      "args" : [ ]\r\n    }, {\r\n      "id" : 3,\r\n      "x" : 7,\r\n      "y" : 3,\r\n      "args" : [ ]\r\n    }, {\r\n      "id" : 3,\r\n      "x" : 8,\r\n      "y" : 3,\r\n      "args" : [ ]\r\n    }, {\r\n      "id" : 3,\r\n      "x" : 9,\r\n      "y" : 3,\r\n      "args" : [ ]\r\n    }, {\r\n      "id" : 0,\r\n      "x" : 10,\r\n      "y" : 3,\r\n      "args" : [ ]\r\n    }, {\r\n      "id" : 0,\r\n      "x" : 1,\r\n      "y" : 4,\r\n      "args" : [ ]\r\n    }, {\r\n      "id" : 3,\r\n      "x" : 2,\r\n      "y" : 4,\r\n      "args" : [ ]\r\n    }, {\r\n      "id" : 3,\r\n      "x" : 3,\r\n      "y" : 4,\r\n      "args" : [ ]\r\n    }, {\r\n      "id" : 0,\r\n      "x" : 4,\r\n      "y" : 4,\r\n      "args" : [ ]\r\n    }, {\r\n      "id" : 3,\r\n      "x" : 5,\r\n      "y" : 4,\r\n      "args" : [ ]\r\n    }, {\r\n      "id" : 3,\r\n      "x" : 6,\r\n      "y" : 4,\r\n      "args" : [ ]\r\n    }, {\r\n      "id" : 0,\r\n      "x" : 7,\r\n      "y" : 4,\r\n      "args" : [ ]\r\n    }, {\r\n      "id" : 3,\r\n      "x" : 8,\r\n      "y" : 4,\r\n      "args" : [ ]\r\n    }, {\r\n      "id" : 3,\r\n      "x" : 9,\r\n      "y" : 4,\r\n      "args" : [ ]\r\n    }, {\r\n      "id" : 0,\r\n      "x" : 10,\r\n      "y" : 4,\r\n      "args" : [ ]\r\n    }, {\r\n      "id" : 0,\r\n      "x" : 1,\r\n      "y" : 5,\r\n      "args" : [ ]\r\n    }, {\r\n      "id" : 3,\r\n      "x" : 2,\r\n      "y" : 5,\r\n      "args" : [ ]\r\n    }, {\r\n      "id" : 3,\r\n      "x" : 3,\r\n      "y" : 5,\r\n      "args" : [ ]\r\n    }, {\r\n      "id" : 0,\r\n      "x" : 4,\r\n      "y" : 5,\r\n      "args" : [ ]\r\n    }, {\r\n      "id" : 0,\r\n      "x" : 5,\r\n      "y" : 5,\r\n      "args" : [ ]\r\n    }, {\r\n      "id" : 0,\r\n      "x" : 6,\r\n      "y" : 5,\r\n      "args" : [ ]\r\n    }, {\r\n      "id" : 0,\r\n      "x" : 7,\r\n      "y" : 5,\r\n      "args" : [ ]\r\n    }, {\r\n      "id" : 3,\r\n      "x" : 8,\r\n      "y" : 5,\r\n      "args" : [ ]\r\n    }, {\r\n      "id" : 3,\r\n      "x" : 9,\r\n      "y" : 5,\r\n      "args" : [ ]\r\n    }, {\r\n      "id" : 0,\r\n      "x" : 10,\r\n      "y" : 5,\r\n      "args" : [ ]\r\n    }, {\r\n      "id" : 0,\r\n      "x" : 1,\r\n      "y" : 6,\r\n      "args" : [ ]\r\n    }, {\r\n      "id" : 3,\r\n      "x" : 2,\r\n      "y" : 6,\r\n      "args" : [ ]\r\n    }, {\r\n      "id" : 3,\r\n      "x" : 3,\r\n      "y" : 6,\r\n      "args" : [ ]\r\n    }, {\r\n      "id" : 3,\r\n      "x" : 4,\r\n      "y" : 6,\r\n      "args" : [ ]\r\n    }, {\r\n      "id" : 0,\r\n      "x" : 5,\r\n      "y" : 6,\r\n      "args" : [ ]\r\n    }, {\r\n      "id" : 0,\r\n      "x" : 6,\r\n      "y" : 6,\r\n      "args" : [ ]\r\n    }, {\r\n      "id" : 3,\r\n      "x" : 7,\r\n      "y" : 6,\r\n      "args" : [ ]\r\n    }, {\r\n      "id" : 3,\r\n      "x" : 8,\r\n      "y" : 6,\r\n      "args" : [ ]\r\n    }, {\r\n      "id" : 3,\r\n      "x" : 9,\r\n      "y" : 6,\r\n      "args" : [ ]\r\n    }, {\r\n      "id" : 0,\r\n      "x" : 10,\r\n      "y" : 6,\r\n      "args" : [ ]\r\n    }, {\r\n      "id" : 0,\r\n      "x" : 1,\r\n      "y" : 7,\r\n      "args" : [ ]\r\n    }, {\r\n      "id" : 3,\r\n      "x" : 2,\r\n      "y" : 7,\r\n      "args" : [ ]\r\n    }, {\r\n      "id" : 0,\r\n      "x" : 3,\r\n      "y" : 7,\r\n      "args" : [ ]\r\n    }, {\r\n      "id" : 0,\r\n      "x" : 4,\r\n      "y" : 7,\r\n      "args" : [ ]\r\n    }, {\r\n      "id" : 3,\r\n      "x" : 5,\r\n      "y" : 7,\r\n      "args" : [ ]\r\n    }, {\r\n      "id" : 3,\r\n      "x" : 6,\r\n      "y" : 7,\r\n      "args" : [ ]\r\n    }, {\r\n      "id" : 0,\r\n      "x" : 7,\r\n      "y" : 7,\r\n      "args" : [ ]\r\n    }, {\r\n      "id" : 0,\r\n      "x" : 8,\r\n      "y" : 7,\r\n      "args" : [ ]\r\n    }, {\r\n      "id" : 3,\r\n      "x" : 9,\r\n      "y" : 7,\r\n      "args" : [ ]\r\n    }, {\r\n      "id" : 0,\r\n      "x" : 10,\r\n      "y" : 7,\r\n      "args" : [ ]\r\n    }, {\r\n      "id" : 0,\r\n      "x" : 1,\r\n      "y" : 8,\r\n      "args" : [ ]\r\n    }, {\r\n      "id" : 3,\r\n      "x" : 2,\r\n      "y" : 8,\r\n      "args" : [ ]\r\n    }, {\r\n      "id" : 0,\r\n      "x" : 3,\r\n      "y" : 8,\r\n      "args" : [ ]\r\n    }, {\r\n      "id" : 0,\r\n      "x" : 4,\r\n      "y" : 8,\r\n      "args" : [ ]\r\n    }, {\r\n      "id" : 3,\r\n      "x" : 5,\r\n      "y" : 8,\r\n      "args" : [ ]\r\n    }, {\r\n      "id" : 3,\r\n      "x" : 6,\r\n      "y" : 8,\r\n      "args" : [ ]\r\n    }, {\r\n      "id" : 0,\r\n      "x" : 7,\r\n      "y" : 8,\r\n      "args" : [ ]\r\n    }, {\r\n      "id" : 0,\r\n      "x" : 8,\r\n      "y" : 8,\r\n      "args" : [ ]\r\n    }, {\r\n      "id" : 3,\r\n      "x" : 9,\r\n      "y" : 8,\r\n      "args" : [ ]\r\n    }, {\r\n      "id" : 0,\r\n      "x" : 10,\r\n      "y" : 8,\r\n      "args" : [ ]\r\n    }, {\r\n      "id" : 0,\r\n      "x" : 1,\r\n      "y" : 9,\r\n      "args" : [ ]\r\n    }, {\r\n      "id" : 3,\r\n      "x" : 2,\r\n      "y" : 9,\r\n      "args" : [ ]\r\n    }, {\r\n      "id" : 3,\r\n      "x" : 3,\r\n      "y" : 9,\r\n      "args" : [ ]\r\n    }, {\r\n      "id" : 3,\r\n      "x" : 4,\r\n      "y" : 9,\r\n      "args" : [ ]\r\n    }, {\r\n      "id" : 3,\r\n      "x" : 5,\r\n      "y" : 9,\r\n      "args" : [ ]\r\n    }, {\r\n      "id" : 3,\r\n      "x" : 6,\r\n      "y" : 9,\r\n      "args" : [ ]\r\n    }, {\r\n      "id" : 3,\r\n      "x" : 7,\r\n      "y" : 9,\r\n      "args" : [ ]\r\n    }, {\r\n      "id" : 3,\r\n      "x" : 8,\r\n      "y" : 9,\r\n      "args" : [ ]\r\n    }, {\r\n      "id" : 3,\r\n      "x" : 9,\r\n      "y" : 9,\r\n      "args" : [ ]\r\n    }, {\r\n      "id" : 0,\r\n      "x" : 10,\r\n      "y" : 9,\r\n      "args" : [ ]\r\n    }, {\r\n      "id" : 0,\r\n      "x" : 1,\r\n      "y" : 10,\r\n      "args" : [ ]\r\n    }, {\r\n      "id" : 0,\r\n      "x" : 2,\r\n      "y" : 10,\r\n      "args" : [ ]\r\n    }, {\r\n      "id" : 0,\r\n      "x" : 3,\r\n      "y" : 10,\r\n      "args" : [ ]\r\n    }, {\r\n      "id" : 0,\r\n      "x" : 4,\r\n      "y" : 10,\r\n      "args" : [ ]\r\n    }, {\r\n      "id" : 0,\r\n      "x" : 5,\r\n      "y" : 10,\r\n      "args" : [ ]\r\n    }, {\r\n      "id" : 0,\r\n      "x" : 6,\r\n      "y" : 10,\r\n      "args" : [ ]\r\n    }, {\r\n      "id" : 0,\r\n      "x" : 7,\r\n      "y" : 10,\r\n      "args" : [ ]\r\n    }, {\r\n      "id" : 0,\r\n      "x" : 8,\r\n      "y" : 10,\r\n      "args" : [ ]\r\n    }, {\r\n      "id" : 0,\r\n      "x" : 9,\r\n      "y" : 10,\r\n      "args" : [ ]\r\n    }, {\r\n      "id" : 0,\r\n      "x" : 10,\r\n      "y" : 10,\r\n      "args" : [ ]\r\n    } ],\r\n    "boardElements" : [ {\r\n      "id" : 3,\r\n      "x" : 1,\r\n      "y" : 1,\r\n      "args" : [ ],\r\n      "orientation" : 0\r\n    }, {\r\n      "id" : 3,\r\n      "x" : 1,\r\n      "y" : 2,\r\n      "args" : [ ],\r\n      "orientation" : 0\r\n    }, {\r\n      "id" : 3,\r\n      "x" : 1,\r\n      "y" : 3,\r\n      "args" : [ ],\r\n      "orientation" : 0\r\n    }, {\r\n      "id" : 3,\r\n      "x" : 1,\r\n      "y" : 4,\r\n      "args" : [ ],\r\n      "orientation" : 0\r\n    }, {\r\n      "id" : 3,\r\n      "x" : 1,\r\n      "y" : 5,\r\n      "args" : [ ],\r\n      "orientation" : 0\r\n    }, {\r\n      "id" : 3,\r\n      "x" : 1,\r\n      "y" : 6,\r\n      "args" : [ ],\r\n      "orientation" : 0\r\n    }, {\r\n      "id" : 3,\r\n      "x" : 1,\r\n      "y" : 7,\r\n      "args" : [ ],\r\n      "orientation" : 0\r\n    }, {\r\n      "id" : 3,\r\n      "x" : 1,\r\n      "y" : 8,\r\n      "args" : [ ],\r\n      "orientation" : 0\r\n    }, {\r\n      "id" : 3,\r\n      "x" : 1,\r\n      "y" : 9,\r\n      "args" : [ ],\r\n      "orientation" : 0\r\n    }, {\r\n      "id" : 3,\r\n      "x" : 1,\r\n      "y" : 10,\r\n      "args" : [ ],\r\n      "orientation" : 0\r\n    }, {\r\n      "id" : 3,\r\n      "x" : 2,\r\n      "y" : 10,\r\n      "args" : [ ],\r\n      "orientation" : 0\r\n    }, {\r\n      "id" : 3,\r\n      "x" : 3,\r\n      "y" : 7,\r\n      "args" : [ ],\r\n      "orientation" : 0\r\n    }, {\r\n      "id" : 3,\r\n      "x" : 3,\r\n      "y" : 8,\r\n      "args" : [ ],\r\n      "orientation" : 0\r\n    }, {\r\n      "id" : 3,\r\n      "x" : 3,\r\n      "y" : 10,\r\n      "args" : [ ],\r\n      "orientation" : 0\r\n    }, {\r\n      "id" : 3,\r\n      "x" : 4,\r\n      "y" : 4,\r\n      "args" : [ ],\r\n      "orientation" : 0\r\n    }, {\r\n      "id" : 3,\r\n      "x" : 4,\r\n      "y" : 5,\r\n      "args" : [ ],\r\n      "orientation" : 0\r\n    }, {\r\n      "id" : 1,\r\n      "x" : 4,\r\n      "y" : 6,\r\n      "args" : [ "0" ],\r\n      "orientation" : 0\r\n    }, {\r\n      "id" : 3,\r\n      "x" : 4,\r\n      "y" : 7,\r\n      "args" : [ ],\r\n      "orientation" : 0\r\n    }, {\r\n      "id" : 3,\r\n      "x" : 4,\r\n      "y" : 8,\r\n      "args" : [ ],\r\n      "orientation" : 0\r\n    }, {\r\n      "id" : 3,\r\n      "x" : 4,\r\n      "y" : 10,\r\n      "args" : [ ],\r\n      "orientation" : 0\r\n    }, {\r\n      "id" : 3,\r\n      "x" : 5,\r\n      "y" : 5,\r\n      "args" : [ ],\r\n      "orientation" : 0\r\n    }, {\r\n      "id" : 3,\r\n      "x" : 5,\r\n      "y" : 6,\r\n      "args" : [ ],\r\n      "orientation" : 0\r\n    }, {\r\n      "id" : 3,\r\n      "x" : 5,\r\n      "y" : 10,\r\n      "args" : [ ],\r\n      "orientation" : 0\r\n    }, {\r\n      "id" : 3,\r\n      "x" : 6,\r\n      "y" : 5,\r\n      "args" : [ ],\r\n      "orientation" : 0\r\n    }, {\r\n      "id" : 3,\r\n      "x" : 6,\r\n      "y" : 6,\r\n      "args" : [ ],\r\n      "orientation" : 0\r\n    }, {\r\n      "id" : 3,\r\n      "x" : 6,\r\n      "y" : 10,\r\n      "args" : [ ],\r\n      "orientation" : 0\r\n    }, {\r\n      "id" : 3,\r\n      "x" : 7,\r\n      "y" : 4,\r\n      "args" : [ ],\r\n      "orientation" : 0\r\n    }, {\r\n      "id" : 3,\r\n      "x" : 7,\r\n      "y" : 5,\r\n      "args" : [ ],\r\n      "orientation" : 0\r\n    }, {\r\n      "id" : 2,\r\n      "x" : 7,\r\n      "y" : 6,\r\n      "args" : [ ],\r\n      "orientation" : 0\r\n    }, {\r\n      "id" : 3,\r\n      "x" : 7,\r\n      "y" : 7,\r\n      "args" : [ ],\r\n      "orientation" : 0\r\n    }, {\r\n      "id" : 3,\r\n      "x" : 7,\r\n      "y" : 8,\r\n      "args" : [ ],\r\n      "orientation" : 0\r\n    }, {\r\n      "id" : 3,\r\n      "x" : 7,\r\n      "y" : 10,\r\n      "args" : [ ],\r\n      "orientation" : 0\r\n    }, {\r\n      "id" : 3,\r\n      "x" : 8,\r\n      "y" : 7,\r\n      "args" : [ ],\r\n      "orientation" : 0\r\n    }, {\r\n      "id" : 3,\r\n      "x" : 8,\r\n      "y" : 8,\r\n      "args" : [ ],\r\n      "orientation" : 0\r\n    }, {\r\n      "id" : 3,\r\n      "x" : 8,\r\n      "y" : 10,\r\n      "args" : [ ],\r\n      "orientation" : 0\r\n    }, {\r\n      "id" : 3,\r\n      "x" : 9,\r\n      "y" : 10,\r\n      "args" : [ ],\r\n      "orientation" : 0\r\n    }, {\r\n      "id" : 3,\r\n      "x" : 10,\r\n      "y" : 1,\r\n      "args" : [ ],\r\n      "orientation" : 0\r\n    }, {\r\n      "id" : 3,\r\n      "x" : 10,\r\n      "y" : 2,\r\n      "args" : [ ],\r\n      "orientation" : 0\r\n    }, {\r\n      "id" : 3,\r\n      "x" : 10,\r\n      "y" : 3,\r\n      "args" : [ ],\r\n      "orientation" : 0\r\n    }, {\r\n      "id" : 3,\r\n      "x" : 10,\r\n      "y" : 4,\r\n      "args" : [ ],\r\n      "orientation" : 0\r\n    }, {\r\n      "id" : 3,\r\n      "x" : 10,\r\n      "y" : 5,\r\n      "args" : [ ],\r\n      "orientation" : 0\r\n    }, {\r\n      "id" : 3,\r\n      "x" : 10,\r\n      "y" : 6,\r\n      "args" : [ ],\r\n      "orientation" : 0\r\n    }, {\r\n      "id" : 3,\r\n      "x" : 10,\r\n      "y" : 7,\r\n      "args" : [ ],\r\n      "orientation" : 0\r\n    }, {\r\n      "id" : 3,\r\n      "x" : 10,\r\n      "y" : 8,\r\n      "args" : [ ],\r\n      "orientation" : 0\r\n    }, {\r\n      "id" : 3,\r\n      "x" : 10,\r\n      "y" : 9,\r\n      "args" : [ ],\r\n      "orientation" : 0\r\n    }, {\r\n      "id" : 3,\r\n      "x" : 10,\r\n      "y" : 10,\r\n      "args" : [ ],\r\n      "orientation" : 0\r\n    } ],\r\n    "boardHints" : [ ]\r\n  },\r\n  "initialState" : "<xml>\\r\\n    <variables>\\r\\n        <variable type=\\"\\" id=\\"-4Vcu}xg0vzhs*Y?*NM?\\">Laser</variable>\\r\\n    </variables>\\r\\n    <block type=\\"start_start\\" id=\\"jK|09VZeHw@*t!MM1jKj\\" x=\\"137\\" y=\\"-78\\">\\r\\n        <next>\\r\\n            <block type=\\"variables_set\\" id=\\"v-07yvEBIl||um%b{Xiu\\">\\r\\n                <field name=\\"VAR\\" id=\\"-4Vcu}xg0vzhs*Y?*NM?\\" variableType=\\"\\">Laser</field>\\r\\n                <value name=\\"VALUE\\">\\r\\n                    <block type=\\"text\\" id=\\"pa|-Qx)iLNHXSQBQ;35%\\">\\r\\n                        <field name=\\"TEXT\\">Laser_1</field>\\r\\n                    </block>\\r\\n                </value>\\r\\n                <next>\\r\\n                    <block type=\\"movement_move\\" id=\\"(1ssPXcyKYD#%c([e=Bi\\">\\r\\n                        <field name=\\"DIRECTION\\">RIGHT</field>\\r\\n                        <value name=\\"NAME\\">\\r\\n                            <block type=\\"variables_get\\" id=\\"}8jR,FJyFo6/Jx[]}A%*\\">\\r\\n                                <field name=\\"VAR\\" id=\\"-4Vcu}xg0vzhs*Y?*NM?\\" variableType=\\"\\">Laser</field>\\r\\n                            </block>\\r\\n                        </value>\\r\\n                    </block>\\r\\n                </next>\\r\\n            </block>\\r\\n        </next>\\r\\n    </block>\\r\\n</xml>"\r\n}', 0, 'Creeper', 3),
	(62172, b'1', '0c813049-ecc9-4dea-aec6-38e803833404_Question.png', 1, b'1', '{\r\n  "activeblocks" : {\r\n    "specialBlock" : "",\r\n    "categories" : [ {\r\n      "categoryName" : "start",\r\n      "blocksInfo" : {\r\n        "activate" : true,\r\n        "activeBlocks" : [ {\r\n          "blockName" : "start_start",\r\n          "maxUses" : 100\r\n        } ]\r\n      }\r\n    }, {\r\n      "categoryName" : "math",\r\n      "blocksInfo" : {\r\n        "activate" : true,\r\n        "activeBlocks" : [ {\r\n          "blockName" : "math_number",\r\n          "maxUses" : 100\r\n        }, {\r\n          "blockName" : "math_arithmetic",\r\n          "maxUses" : 100\r\n        } ]\r\n      }\r\n    }, {\r\n      "categoryName" : "variable",\r\n      "blocksInfo" : {\r\n        "activate" : true,\r\n        "activeBlocks" : [ {\r\n          "blockName" : "variables_get",\r\n          "maxUses" : 100\r\n        }, {\r\n          "blockName" : "variables_set",\r\n          "maxUses" : 100\r\n        } ]\r\n      }\r\n    }, {\r\n      "categoryName" : "text",\r\n      "blocksInfo" : {\r\n        "activate" : true,\r\n        "activeBlocks" : [ {\r\n          "blockName" : "text",\r\n          "maxUses" : 100\r\n        } ]\r\n      }\r\n    }, {\r\n      "categoryName" : "",\r\n      "blocksInfo" : {\r\n        "activate" : true,\r\n        "activeBlocks" : [ {\r\n          "blockName" : "",\r\n          "maxUses" : 100\r\n        }, {\r\n          "blockName" : "",\r\n          "maxUses" : 100\r\n        }, {\r\n          "blockName" : "",\r\n          "maxUses" : 100\r\n        }, {\r\n          "blockName" : "",\r\n          "maxUses" : 100\r\n        }, {\r\n          "blockName" : "",\r\n          "maxUses" : 100\r\n        }, {\r\n          "blockName" : "",\r\n          "maxUses" : 100\r\n        }, {\r\n          "blockName" : "",\r\n          "maxUses" : 100\r\n        } ]\r\n      }\r\n    }, {\r\n      "categoryName" : "",\r\n      "blocksInfo" : {\r\n        "activate" : true,\r\n        "activeBlocks" : [ {\r\n          "blockName" : "",\r\n          "maxUses" : 100\r\n        }, {\r\n          "blockName" : "",\r\n          "maxUses" : 100\r\n        } ]\r\n      }\r\n    }, {\r\n      "categoryName" : "movement",\r\n      "blocksInfo" : {\r\n        "activate" : true,\r\n        "activeBlocks" : [ {\r\n          "blockName" : "movement_move",\r\n          "maxUses" : 100\r\n        }, {\r\n          "blockName" : "movement_rotate",\r\n          "maxUses" : 100\r\n        }, {\r\n          "blockName" : "movement_activate_door",\r\n          "maxUses" : 100\r\n        }, {\r\n          "blockName" : "movement_laser_change_intensity",\r\n          "maxUses" : 100\r\n        } ]\r\n      }\r\n    }, {\r\n      "categoryName" : "",\r\n      "blocksInfo" : {\r\n        "activate" : true,\r\n        "activeBlocks" : [ {\r\n          "blockName" : "",\r\n          "maxUses" : 100\r\n        }, {\r\n          "blockName" : "procedures_callnoreturn",\r\n          "maxUses" : 100\r\n        } ]\r\n      }\r\n    } ]\r\n  },\r\n  "boardstate" : {\r\n    "rows" : 12,\r\n    "columns" : 9,\r\n    "cells" : [ {\r\n      "id" : 2,\r\n      "x" : 1,\r\n      "y" : 1,\r\n      "args" : [ ]\r\n    }, {\r\n      "id" : 2,\r\n      "x" : 2,\r\n      "y" : 1,\r\n      "args" : [ ]\r\n    }, {\r\n      "id" : 2,\r\n      "x" : 3,\r\n      "y" : 1,\r\n      "args" : [ ]\r\n    }, {\r\n      "id" : 2,\r\n      "x" : 4,\r\n      "y" : 1,\r\n      "args" : [ ]\r\n    }, {\r\n      "id" : 2,\r\n      "x" : 5,\r\n      "y" : 1,\r\n      "args" : [ ]\r\n    }, {\r\n      "id" : 2,\r\n      "x" : 6,\r\n      "y" : 1,\r\n      "args" : [ ]\r\n    }, {\r\n      "id" : 2,\r\n      "x" : 7,\r\n      "y" : 1,\r\n      "args" : [ ]\r\n    }, {\r\n      "id" : 2,\r\n      "x" : 8,\r\n      "y" : 1,\r\n      "args" : [ ]\r\n    }, {\r\n      "id" : 2,\r\n      "x" : 9,\r\n      "y" : 1,\r\n      "args" : [ ]\r\n    }, {\r\n      "id" : 2,\r\n      "x" : 1,\r\n      "y" : 2,\r\n      "args" : [ ]\r\n    }, {\r\n      "id" : 2,\r\n      "x" : 2,\r\n      "y" : 2,\r\n      "args" : [ ]\r\n    }, {\r\n      "id" : 2,\r\n      "x" : 3,\r\n      "y" : 2,\r\n      "args" : [ ]\r\n    }, {\r\n      "id" : 2,\r\n      "x" : 4,\r\n      "y" : 2,\r\n      "args" : [ ]\r\n    }, {\r\n      "id" : 2,\r\n      "x" : 5,\r\n      "y" : 2,\r\n      "args" : [ ]\r\n    }, {\r\n      "id" : 2,\r\n      "x" : 6,\r\n      "y" : 2,\r\n      "args" : [ ]\r\n    }, {\r\n      "id" : 2,\r\n      "x" : 7,\r\n      "y" : 2,\r\n      "args" : [ ]\r\n    }, {\r\n      "id" : 2,\r\n      "x" : 8,\r\n      "y" : 2,\r\n      "args" : [ ]\r\n    }, {\r\n      "id" : 2,\r\n      "x" : 9,\r\n      "y" : 2,\r\n      "args" : [ ]\r\n    }, {\r\n      "id" : 2,\r\n      "x" : 1,\r\n      "y" : 3,\r\n      "args" : [ ]\r\n    }, {\r\n      "id" : 2,\r\n      "x" : 2,\r\n      "y" : 3,\r\n      "args" : [ ]\r\n    }, {\r\n      "id" : 2,\r\n      "x" : 3,\r\n      "y" : 3,\r\n      "args" : [ ]\r\n    }, {\r\n      "id" : 2,\r\n      "x" : 4,\r\n      "y" : 3,\r\n      "args" : [ ]\r\n    }, {\r\n      "id" : 0,\r\n      "x" : 5,\r\n      "y" : 3,\r\n      "args" : [ ]\r\n    }, {\r\n      "id" : 2,\r\n      "x" : 6,\r\n      "y" : 3,\r\n      "args" : [ ]\r\n    }, {\r\n      "id" : 2,\r\n      "x" : 7,\r\n      "y" : 3,\r\n      "args" : [ ]\r\n    }, {\r\n      "id" : 2,\r\n      "x" : 8,\r\n      "y" : 3,\r\n      "args" : [ ]\r\n    }, {\r\n      "id" : 2,\r\n      "x" : 9,\r\n      "y" : 3,\r\n      "args" : [ ]\r\n    }, {\r\n      "id" : 2,\r\n      "x" : 1,\r\n      "y" : 4,\r\n      "args" : [ ]\r\n    }, {\r\n      "id" : 2,\r\n      "x" : 2,\r\n      "y" : 4,\r\n      "args" : [ ]\r\n    }, {\r\n      "id" : 2,\r\n      "x" : 3,\r\n      "y" : 4,\r\n      "args" : [ ]\r\n    }, {\r\n      "id" : 2,\r\n      "x" : 4,\r\n      "y" : 4,\r\n      "args" : [ ]\r\n    }, {\r\n      "id" : 0,\r\n      "x" : 5,\r\n      "y" : 4,\r\n      "args" : [ ]\r\n    }, {\r\n      "id" : 0,\r\n      "x" : 6,\r\n      "y" : 4,\r\n      "args" : [ ]\r\n    }, {\r\n      "id" : 2,\r\n      "x" : 7,\r\n      "y" : 4,\r\n      "args" : [ ]\r\n    }, {\r\n      "id" : 2,\r\n      "x" : 8,\r\n      "y" : 4,\r\n      "args" : [ ]\r\n    }, {\r\n      "id" : 2,\r\n      "x" : 9,\r\n      "y" : 4,\r\n      "args" : [ ]\r\n    }, {\r\n      "id" : 2,\r\n      "x" : 1,\r\n      "y" : 5,\r\n      "args" : [ ]\r\n    }, {\r\n      "id" : 0,\r\n      "x" : 2,\r\n      "y" : 5,\r\n      "args" : [ ]\r\n    }, {\r\n      "id" : 0,\r\n      "x" : 3,\r\n      "y" : 5,\r\n      "args" : [ ]\r\n    }, {\r\n      "id" : 0,\r\n      "x" : 4,\r\n      "y" : 5,\r\n      "args" : [ ]\r\n    }, {\r\n      "id" : 0,\r\n      "x" : 5,\r\n      "y" : 5,\r\n      "args" : [ ]\r\n    }, {\r\n      "id" : 0,\r\n      "x" : 6,\r\n      "y" : 5,\r\n      "args" : [ ]\r\n    }, {\r\n      "id" : 0,\r\n      "x" : 7,\r\n      "y" : 5,\r\n      "args" : [ ]\r\n    }, {\r\n      "id" : 0,\r\n      "x" : 8,\r\n      "y" : 5,\r\n      "args" : [ ]\r\n    }, {\r\n      "id" : 2,\r\n      "x" : 9,\r\n      "y" : 5,\r\n      "args" : [ ]\r\n    }, {\r\n      "id" : 2,\r\n      "x" : 1,\r\n      "y" : 6,\r\n      "args" : [ ]\r\n    }, {\r\n      "id" : 0,\r\n      "x" : 2,\r\n      "y" : 6,\r\n      "args" : [ ]\r\n    }, {\r\n      "id" : 0,\r\n      "x" : 3,\r\n      "y" : 6,\r\n      "args" : [ ]\r\n    }, {\r\n      "id" : 0,\r\n      "x" : 4,\r\n      "y" : 6,\r\n      "args" : [ ]\r\n    }, {\r\n      "id" : 2,\r\n      "x" : 5,\r\n      "y" : 6,\r\n      "args" : [ ]\r\n    }, {\r\n      "id" : 0,\r\n      "x" : 6,\r\n      "y" : 6,\r\n      "args" : [ ]\r\n    }, {\r\n      "id" : 0,\r\n      "x" : 7,\r\n      "y" : 6,\r\n      "args" : [ ]\r\n    }, {\r\n      "id" : 0,\r\n      "x" : 8,\r\n      "y" : 6,\r\n      "args" : [ ]\r\n    }, {\r\n      "id" : 2,\r\n      "x" : 9,\r\n      "y" : 6,\r\n      "args" : [ ]\r\n    }, {\r\n      "id" : 2,\r\n      "x" : 1,\r\n      "y" : 7,\r\n      "args" : [ ]\r\n    }, {\r\n      "id" : 0,\r\n      "x" : 2,\r\n      "y" : 7,\r\n      "args" : [ ]\r\n    }, {\r\n      "id" : 0,\r\n      "x" : 3,\r\n      "y" : 7,\r\n      "args" : [ ]\r\n    }, {\r\n      "id" : 0,\r\n      "x" : 4,\r\n      "y" : 7,\r\n      "args" : [ ]\r\n    }, {\r\n      "id" : 0,\r\n      "x" : 5,\r\n      "y" : 7,\r\n      "args" : [ ]\r\n    }, {\r\n      "id" : 0,\r\n      "x" : 6,\r\n      "y" : 7,\r\n      "args" : [ ]\r\n    }, {\r\n      "id" : 2,\r\n      "x" : 7,\r\n      "y" : 7,\r\n      "args" : [ ]\r\n    }, {\r\n      "id" : 0,\r\n      "x" : 8,\r\n      "y" : 7,\r\n      "args" : [ ]\r\n    }, {\r\n      "id" : 2,\r\n      "x" : 9,\r\n      "y" : 7,\r\n      "args" : [ ]\r\n    }, {\r\n      "id" : 2,\r\n      "x" : 1,\r\n      "y" : 8,\r\n      "args" : [ ]\r\n    }, {\r\n      "id" : 0,\r\n      "x" : 2,\r\n      "y" : 8,\r\n      "args" : [ ]\r\n    }, {\r\n      "id" : 0,\r\n      "x" : 3,\r\n      "y" : 8,\r\n      "args" : [ ]\r\n    }, {\r\n      "id" : 0,\r\n      "x" : 4,\r\n      "y" : 8,\r\n      "args" : [ ]\r\n    }, {\r\n      "id" : 2,\r\n      "x" : 5,\r\n      "y" : 8,\r\n      "args" : [ ]\r\n    }, {\r\n      "id" : 0,\r\n      "x" : 6,\r\n      "y" : 8,\r\n      "args" : [ ]\r\n    }, {\r\n      "id" : 0,\r\n      "x" : 7,\r\n      "y" : 8,\r\n      "args" : [ ]\r\n    }, {\r\n      "id" : 0,\r\n      "x" : 8,\r\n      "y" : 8,\r\n      "args" : [ ]\r\n    }, {\r\n      "id" : 2,\r\n      "x" : 9,\r\n      "y" : 8,\r\n      "args" : [ ]\r\n    }, {\r\n      "id" : 2,\r\n      "x" : 1,\r\n      "y" : 9,\r\n      "args" : [ ]\r\n    }, {\r\n      "id" : 0,\r\n      "x" : 2,\r\n      "y" : 9,\r\n      "args" : [ ]\r\n    }, {\r\n      "id" : 0,\r\n      "x" : 3,\r\n      "y" : 9,\r\n      "args" : [ ]\r\n    }, {\r\n      "id" : 0,\r\n      "x" : 4,\r\n      "y" : 9,\r\n      "args" : [ ]\r\n    }, {\r\n      "id" : 0,\r\n      "x" : 5,\r\n      "y" : 9,\r\n      "args" : [ ]\r\n    }, {\r\n      "id" : 2,\r\n      "x" : 6,\r\n      "y" : 9,\r\n      "args" : [ ]\r\n    }, {\r\n      "id" : 0,\r\n      "x" : 7,\r\n      "y" : 9,\r\n      "args" : [ ]\r\n    }, {\r\n      "id" : 0,\r\n      "x" : 8,\r\n      "y" : 9,\r\n      "args" : [ ]\r\n    }, {\r\n      "id" : 2,\r\n      "x" : 9,\r\n      "y" : 9,\r\n      "args" : [ ]\r\n    }, {\r\n      "id" : 2,\r\n      "x" : 1,\r\n      "y" : 10,\r\n      "args" : [ ]\r\n    }, {\r\n      "id" : 0,\r\n      "x" : 2,\r\n      "y" : 10,\r\n      "args" : [ ]\r\n    }, {\r\n      "id" : 0,\r\n      "x" : 3,\r\n      "y" : 10,\r\n      "args" : [ ]\r\n    }, {\r\n      "id" : 2,\r\n      "x" : 4,\r\n      "y" : 10,\r\n      "args" : [ ]\r\n    }, {\r\n      "id" : 2,\r\n      "x" : 5,\r\n      "y" : 10,\r\n      "args" : [ ]\r\n    }, {\r\n      "id" : 0,\r\n      "x" : 6,\r\n      "y" : 10,\r\n      "args" : [ ]\r\n    }, {\r\n      "id" : 0,\r\n      "x" : 7,\r\n      "y" : 10,\r\n      "args" : [ ]\r\n    }, {\r\n      "id" : 0,\r\n      "x" : 8,\r\n      "y" : 10,\r\n      "args" : [ ]\r\n    }, {\r\n      "id" : 2,\r\n      "x" : 9,\r\n      "y" : 10,\r\n      "args" : [ ]\r\n    }, {\r\n      "id" : 2,\r\n      "x" : 1,\r\n      "y" : 11,\r\n      "args" : [ ]\r\n    }, {\r\n      "id" : 0,\r\n      "x" : 2,\r\n      "y" : 11,\r\n      "args" : [ ]\r\n    }, {\r\n      "id" : 0,\r\n      "x" : 3,\r\n      "y" : 11,\r\n      "args" : [ ]\r\n    }, {\r\n      "id" : 0,\r\n      "x" : 4,\r\n      "y" : 11,\r\n      "args" : [ ]\r\n    }, {\r\n      "id" : 0,\r\n      "x" : 5,\r\n      "y" : 11,\r\n      "args" : [ ]\r\n    }, {\r\n      "id" : 0,\r\n      "x" : 6,\r\n      "y" : 11,\r\n      "args" : [ ]\r\n    }, {\r\n      "id" : 0,\r\n      "x" : 7,\r\n      "y" : 11,\r\n      "args" : [ ]\r\n    }, {\r\n      "id" : 0,\r\n      "x" : 8,\r\n      "y" : 11,\r\n      "args" : [ ]\r\n    }, {\r\n      "id" : 2,\r\n      "x" : 9,\r\n      "y" : 11,\r\n      "args" : [ ]\r\n    }, {\r\n      "id" : 2,\r\n      "x" : 1,\r\n      "y" : 12,\r\n      "args" : [ ]\r\n    }, {\r\n      "id" : 2,\r\n      "x" : 2,\r\n      "y" : 12,\r\n      "args" : [ ]\r\n    }, {\r\n      "id" : 2,\r\n      "x" : 3,\r\n      "y" : 12,\r\n      "args" : [ ]\r\n    }, {\r\n      "id" : 2,\r\n      "x" : 4,\r\n      "y" : 12,\r\n      "args" : [ ]\r\n    }, {\r\n      "id" : 2,\r\n      "x" : 5,\r\n      "y" : 12,\r\n      "args" : [ ]\r\n    }, {\r\n      "id" : 2,\r\n      "x" : 6,\r\n      "y" : 12,\r\n      "args" : [ ]\r\n    }, {\r\n      "id" : 2,\r\n      "x" : 7,\r\n      "y" : 12,\r\n      "args" : [ ]\r\n    }, {\r\n      "id" : 2,\r\n      "x" : 8,\r\n      "y" : 12,\r\n      "args" : [ ]\r\n    }, {\r\n      "id" : 2,\r\n      "x" : 9,\r\n      "y" : 12,\r\n      "args" : [ ]\r\n    } ],\r\n    "boardElements" : [ {\r\n      "id" : 3,\r\n      "x" : 1,\r\n      "y" : 1,\r\n      "args" : [ ],\r\n      "orientation" : 0\r\n    }, {\r\n      "id" : 3,\r\n      "x" : 1,\r\n      "y" : 2,\r\n      "args" : [ ],\r\n      "orientation" : 0\r\n    }, {\r\n      "id" : 3,\r\n      "x" : 1,\r\n      "y" : 3,\r\n      "args" : [ ],\r\n      "orientation" : 0\r\n    }, {\r\n      "id" : 3,\r\n      "x" : 2,\r\n      "y" : 1,\r\n      "args" : [ ],\r\n      "orientation" : 0\r\n    }, {\r\n      "id" : 3,\r\n      "x" : 2,\r\n      "y" : 2,\r\n      "args" : [ ],\r\n      "orientation" : 0\r\n    }, {\r\n      "id" : 3,\r\n      "x" : 2,\r\n      "y" : 3,\r\n      "args" : [ ],\r\n      "orientation" : 0\r\n    }, {\r\n      "id" : 3,\r\n      "x" : 2,\r\n      "y" : 5,\r\n      "args" : [ ],\r\n      "orientation" : 0\r\n    }, {\r\n      "id" : 3,\r\n      "x" : 2,\r\n      "y" : 6,\r\n      "args" : [ ],\r\n      "orientation" : 0\r\n    }, {\r\n      "id" : 3,\r\n      "x" : 2,\r\n      "y" : 7,\r\n      "args" : [ ],\r\n      "orientation" : 0\r\n    }, {\r\n      "id" : 3,\r\n      "x" : 2,\r\n      "y" : 8,\r\n      "args" : [ ],\r\n      "orientation" : 0\r\n    }, {\r\n      "id" : 3,\r\n      "x" : 2,\r\n      "y" : 9,\r\n      "args" : [ ],\r\n      "orientation" : 0\r\n    }, {\r\n      "id" : 3,\r\n      "x" : 2,\r\n      "y" : 10,\r\n      "args" : [ ],\r\n      "orientation" : 0\r\n    }, {\r\n      "id" : 3,\r\n      "x" : 2,\r\n      "y" : 11,\r\n      "args" : [ ],\r\n      "orientation" : 0\r\n    }, {\r\n      "id" : 3,\r\n      "x" : 3,\r\n      "y" : 1,\r\n      "args" : [ ],\r\n      "orientation" : 0\r\n    }, {\r\n      "id" : 3,\r\n      "x" : 3,\r\n      "y" : 2,\r\n      "args" : [ ],\r\n      "orientation" : 0\r\n    }, {\r\n      "id" : 3,\r\n      "x" : 3,\r\n      "y" : 3,\r\n      "args" : [ ],\r\n      "orientation" : 0\r\n    }, {\r\n      "id" : 3,\r\n      "x" : 3,\r\n      "y" : 5,\r\n      "args" : [ ],\r\n      "orientation" : 0\r\n    }, {\r\n      "id" : 3,\r\n      "x" : 3,\r\n      "y" : 6,\r\n      "args" : [ ],\r\n      "orientation" : 0\r\n    }, {\r\n      "id" : 3,\r\n      "x" : 3,\r\n      "y" : 7,\r\n      "args" : [ ],\r\n      "orientation" : 0\r\n    }, {\r\n      "id" : 3,\r\n      "x" : 3,\r\n      "y" : 8,\r\n      "args" : [ ],\r\n      "orientation" : 0\r\n    }, {\r\n      "id" : 3,\r\n      "x" : 3,\r\n      "y" : 9,\r\n      "args" : [ ],\r\n      "orientation" : 0\r\n    }, {\r\n      "id" : 3,\r\n      "x" : 3,\r\n      "y" : 10,\r\n      "args" : [ ],\r\n      "orientation" : 0\r\n    }, {\r\n      "id" : 3,\r\n      "x" : 3,\r\n      "y" : 11,\r\n      "args" : [ ],\r\n      "orientation" : 0\r\n    }, {\r\n      "id" : 2,\r\n      "x" : 4,\r\n      "y" : 1,\r\n      "args" : [ ],\r\n      "orientation" : 0\r\n    }, {\r\n      "id" : 3,\r\n      "x" : 4,\r\n      "y" : 2,\r\n      "args" : [ ],\r\n      "orientation" : 0\r\n    }, {\r\n      "id" : 1,\r\n      "x" : 4,\r\n      "y" : 3,\r\n      "args" : [ "0" ],\r\n      "orientation" : 0\r\n    }, {\r\n      "id" : 3,\r\n      "x" : 4,\r\n      "y" : 5,\r\n      "args" : [ ],\r\n      "orientation" : 0\r\n    }, {\r\n      "id" : 3,\r\n      "x" : 4,\r\n      "y" : 6,\r\n      "args" : [ ],\r\n      "orientation" : 0\r\n    }, {\r\n      "id" : 3,\r\n      "x" : 4,\r\n      "y" : 7,\r\n      "args" : [ ],\r\n      "orientation" : 0\r\n    }, {\r\n      "id" : 3,\r\n      "x" : 4,\r\n      "y" : 8,\r\n      "args" : [ ],\r\n      "orientation" : 0\r\n    }, {\r\n      "id" : 3,\r\n      "x" : 4,\r\n      "y" : 9,\r\n      "args" : [ ],\r\n      "orientation" : 0\r\n    }, {\r\n      "id" : 3,\r\n      "x" : 4,\r\n      "y" : 11,\r\n      "args" : [ ],\r\n      "orientation" : 0\r\n    }, {\r\n      "id" : 3,\r\n      "x" : 5,\r\n      "y" : 3,\r\n      "args" : [ ],\r\n      "orientation" : 0\r\n    }, {\r\n      "id" : 3,\r\n      "x" : 5,\r\n      "y" : 4,\r\n      "args" : [ ],\r\n      "orientation" : 0\r\n    }, {\r\n      "id" : 3,\r\n      "x" : 5,\r\n      "y" : 5,\r\n      "args" : [ ],\r\n      "orientation" : 0\r\n    }, {\r\n      "id" : 3,\r\n      "x" : 5,\r\n      "y" : 7,\r\n      "args" : [ ],\r\n      "orientation" : 0\r\n    }, {\r\n      "id" : 3,\r\n      "x" : 5,\r\n      "y" : 9,\r\n      "args" : [ ],\r\n      "orientation" : 0\r\n    }, {\r\n      "id" : 3,\r\n      "x" : 5,\r\n      "y" : 11,\r\n      "args" : [ ],\r\n      "orientation" : 0\r\n    }, {\r\n      "id" : 3,\r\n      "x" : 6,\r\n      "y" : 1,\r\n      "args" : [ ],\r\n      "orientation" : 0\r\n    }, {\r\n      "id" : 3,\r\n      "x" : 6,\r\n      "y" : 4,\r\n      "args" : [ ],\r\n      "orientation" : 0\r\n    }, {\r\n      "id" : 3,\r\n      "x" : 6,\r\n      "y" : 5,\r\n      "args" : [ ],\r\n      "orientation" : 0\r\n    }, {\r\n      "id" : 3,\r\n      "x" : 6,\r\n      "y" : 6,\r\n      "args" : [ ],\r\n      "orientation" : 0\r\n    }, {\r\n      "id" : 3,\r\n      "x" : 6,\r\n      "y" : 7,\r\n      "args" : [ ],\r\n      "orientation" : 0\r\n    }, {\r\n      "id" : 3,\r\n      "x" : 6,\r\n      "y" : 8,\r\n      "args" : [ ],\r\n      "orientation" : 0\r\n    }, {\r\n      "id" : 3,\r\n      "x" : 6,\r\n      "y" : 10,\r\n      "args" : [ ],\r\n      "orientation" : 0\r\n    }, {\r\n      "id" : 3,\r\n      "x" : 6,\r\n      "y" : 11,\r\n      "args" : [ ],\r\n      "orientation" : 0\r\n    }, {\r\n      "id" : 3,\r\n      "x" : 7,\r\n      "y" : 1,\r\n      "args" : [ ],\r\n      "orientation" : 0\r\n    }, {\r\n      "id" : 3,\r\n      "x" : 7,\r\n      "y" : 2,\r\n      "args" : [ ],\r\n      "orientation" : 0\r\n    }, {\r\n      "id" : 3,\r\n      "x" : 7,\r\n      "y" : 5,\r\n      "args" : [ ],\r\n      "orientation" : 0\r\n    }, {\r\n      "id" : 3,\r\n      "x" : 7,\r\n      "y" : 6,\r\n      "args" : [ ],\r\n      "orientation" : 0\r\n    }, {\r\n      "id" : 3,\r\n      "x" : 7,\r\n      "y" : 7,\r\n      "args" : [ ],\r\n      "orientation" : 0\r\n    }, {\r\n      "id" : 3,\r\n      "x" : 7,\r\n      "y" : 8,\r\n      "args" : [ ],\r\n      "orientation" : 0\r\n    }, {\r\n      "id" : 3,\r\n      "x" : 7,\r\n      "y" : 9,\r\n      "args" : [ ],\r\n      "orientation" : 0\r\n    }, {\r\n      "id" : 3,\r\n      "x" : 7,\r\n      "y" : 10,\r\n      "args" : [ ],\r\n      "orientation" : 0\r\n    }, {\r\n      "id" : 3,\r\n      "x" : 7,\r\n      "y" : 11,\r\n      "args" : [ ],\r\n      "orientation" : 0\r\n    }, {\r\n      "id" : 3,\r\n      "x" : 8,\r\n      "y" : 1,\r\n      "args" : [ ],\r\n      "orientation" : 0\r\n    }, {\r\n      "id" : 3,\r\n      "x" : 8,\r\n      "y" : 2,\r\n      "args" : [ ],\r\n      "orientation" : 0\r\n    }, {\r\n      "id" : 3,\r\n      "x" : 8,\r\n      "y" : 3,\r\n      "args" : [ ],\r\n      "orientation" : 0\r\n    }, {\r\n      "id" : 3,\r\n      "x" : 8,\r\n      "y" : 5,\r\n      "args" : [ ],\r\n      "orientation" : 0\r\n    }, {\r\n      "id" : 3,\r\n      "x" : 8,\r\n      "y" : 6,\r\n      "args" : [ ],\r\n      "orientation" : 0\r\n    }, {\r\n      "id" : 3,\r\n      "x" : 8,\r\n      "y" : 7,\r\n      "args" : [ ],\r\n      "orientation" : 0\r\n    }, {\r\n      "id" : 3,\r\n      "x" : 8,\r\n      "y" : 8,\r\n      "args" : [ ],\r\n      "orientation" : 0\r\n    }, {\r\n      "id" : 3,\r\n      "x" : 8,\r\n      "y" : 9,\r\n      "args" : [ ],\r\n      "orientation" : 0\r\n    }, {\r\n      "id" : 3,\r\n      "x" : 8,\r\n      "y" : 10,\r\n      "args" : [ ],\r\n      "orientation" : 0\r\n    }, {\r\n      "id" : 3,\r\n      "x" : 8,\r\n      "y" : 11,\r\n      "args" : [ ],\r\n      "orientation" : 0\r\n    }, {\r\n      "id" : 3,\r\n      "x" : 9,\r\n      "y" : 1,\r\n      "args" : [ ],\r\n      "orientation" : 0\r\n    }, {\r\n      "id" : 3,\r\n      "x" : 9,\r\n      "y" : 2,\r\n      "args" : [ ],\r\n      "orientation" : 0\r\n    }, {\r\n      "id" : 3,\r\n      "x" : 9,\r\n      "y" : 3,\r\n      "args" : [ ],\r\n      "orientation" : 0\r\n    } ],\r\n    "boardHints" : [ ]\r\n  },\r\n  "initialState" : "<xml>\\r\\n    <variables>\\r\\n        <variable type=\\"\\" id=\\"-4Vcu}xg0vzhs*Y?*NM?\\">Laser</variable>\\r\\n    </variables>\\r\\n    <block type=\\"start_start\\" id=\\"jK|09VZeHw@*t!MM1jKj\\" x=\\"137\\" y=\\"-78\\">\\r\\n        <next>\\r\\n            <block type=\\"variables_set\\" id=\\"v-07yvEBIl||um%b{Xiu\\">\\r\\n                <field name=\\"VAR\\" id=\\"-4Vcu}xg0vzhs*Y?*NM?\\" variableType=\\"\\">Laser</field>\\r\\n                <value name=\\"VALUE\\">\\r\\n                    <block type=\\"text\\" id=\\"pa|-Qx)iLNHXSQBQ;35%\\">\\r\\n                        <field name=\\"TEXT\\">Laser_1</field>\\r\\n                    </block>\\r\\n                </value>\\r\\n                <next>\\r\\n                    <block type=\\"movement_move\\" id=\\"(1ssPXcyKYD#%c([e=Bi\\">\\r\\n                        <field name=\\"DIRECTION\\">RIGHT</field>\\r\\n                        <value name=\\"NAME\\">\\r\\n                            <block type=\\"variables_get\\" id=\\"}8jR,FJyFo6/Jx[]}A%*\\">\\r\\n                                <field name=\\"VAR\\" id=\\"-4Vcu}xg0vzhs*Y?*NM?\\" variableType=\\"\\">Laser</field>\\r\\n                            </block>\\r\\n                        </value>\\r\\n                    </block>\\r\\n                </next>\\r\\n            </block>\\r\\n        </next>\\r\\n    </block>\\r\\n</xml>"\r\n}', 0, 'Question', 3),
	(73421, b'1', 'c36b6169-20f4-49db-9a3a-3ce3d158c812_Skull.png', 1, b'1', '{\r\n  "activeblocks" : {\r\n    "specialBlock" : "",\r\n    "categories" : [ {\r\n      "categoryName" : "start",\r\n      "blocksInfo" : {\r\n        "activate" : true,\r\n        "activeBlocks" : [ {\r\n          "blockName" : "start_start",\r\n          "maxUses" : 100\r\n        } ]\r\n      }\r\n    }, {\r\n      "categoryName" : "math",\r\n      "blocksInfo" : {\r\n        "activate" : true,\r\n        "activeBlocks" : [ {\r\n          "blockName" : "math_number",\r\n          "maxUses" : 100\r\n        }, {\r\n          "blockName" : "math_arithmetic",\r\n          "maxUses" : 100\r\n        } ]\r\n      }\r\n    }, {\r\n      "categoryName" : "variable",\r\n      "blocksInfo" : {\r\n        "activate" : true,\r\n        "activeBlocks" : [ {\r\n          "blockName" : "variables_get",\r\n          "maxUses" : 100\r\n        }, {\r\n          "blockName" : "variables_set",\r\n          "maxUses" : 100\r\n        } ]\r\n      }\r\n    }, {\r\n      "categoryName" : "text",\r\n      "blocksInfo" : {\r\n        "activate" : true,\r\n        "activeBlocks" : [ {\r\n          "blockName" : "text",\r\n          "maxUses" : 100\r\n        } ]\r\n      }\r\n    }, {\r\n      "categoryName" : "",\r\n      "blocksInfo" : {\r\n        "activate" : true,\r\n        "activeBlocks" : [ {\r\n          "blockName" : "",\r\n          "maxUses" : 100\r\n        }, {\r\n          "blockName" : "",\r\n          "maxUses" : 100\r\n        }, {\r\n          "blockName" : "",\r\n          "maxUses" : 100\r\n        }, {\r\n          "blockName" : "",\r\n          "maxUses" : 100\r\n        }, {\r\n          "blockName" : "",\r\n          "maxUses" : 100\r\n        }, {\r\n          "blockName" : "",\r\n          "maxUses" : 100\r\n        }, {\r\n          "blockName" : "",\r\n          "maxUses" : 100\r\n        } ]\r\n      }\r\n    }, {\r\n      "categoryName" : "",\r\n      "blocksInfo" : {\r\n        "activate" : true,\r\n        "activeBlocks" : [ {\r\n          "blockName" : "",\r\n          "maxUses" : 100\r\n        }, {\r\n          "blockName" : "",\r\n          "maxUses" : 100\r\n        } ]\r\n      }\r\n    }, {\r\n      "categoryName" : "movement",\r\n      "blocksInfo" : {\r\n        "activate" : true,\r\n        "activeBlocks" : [ {\r\n          "blockName" : "movement_move",\r\n          "maxUses" : 100\r\n        }, {\r\n          "blockName" : "movement_rotate",\r\n          "maxUses" : 100\r\n        }, {\r\n          "blockName" : "movement_activate_door",\r\n          "maxUses" : 100\r\n        }, {\r\n          "blockName" : "movement_laser_change_intensity",\r\n          "maxUses" : 100\r\n        } ]\r\n      }\r\n    }, {\r\n      "categoryName" : "",\r\n      "blocksInfo" : {\r\n        "activate" : true,\r\n        "activeBlocks" : [ {\r\n          "blockName" : "",\r\n          "maxUses" : 100\r\n        }, {\r\n          "blockName" : "procedures_callnoreturn",\r\n          "maxUses" : 100\r\n        } ]\r\n      }\r\n    } ]\r\n  },\r\n  "boardstate" : {\r\n    "rows" : 9,\r\n    "columns" : 9,\r\n    "cells" : [ {\r\n      "id" : 1,\r\n      "x" : 1,\r\n      "y" : 1,\r\n      "args" : [ ]\r\n    }, {\r\n      "id" : 1,\r\n      "x" : 2,\r\n      "y" : 1,\r\n      "args" : [ ]\r\n    }, {\r\n      "id" : 4,\r\n      "x" : 3,\r\n      "y" : 1,\r\n      "args" : [ ]\r\n    }, {\r\n      "id" : 1,\r\n      "x" : 4,\r\n      "y" : 1,\r\n      "args" : [ ]\r\n    }, {\r\n      "id" : 4,\r\n      "x" : 5,\r\n      "y" : 1,\r\n      "args" : [ ]\r\n    }, {\r\n      "id" : 1,\r\n      "x" : 6,\r\n      "y" : 1,\r\n      "args" : [ ]\r\n    }, {\r\n      "id" : 4,\r\n      "x" : 7,\r\n      "y" : 1,\r\n      "args" : [ ]\r\n    }, {\r\n      "id" : 1,\r\n      "x" : 8,\r\n      "y" : 1,\r\n      "args" : [ ]\r\n    }, {\r\n      "id" : 1,\r\n      "x" : 9,\r\n      "y" : 1,\r\n      "args" : [ ]\r\n    }, {\r\n      "id" : 1,\r\n      "x" : 1,\r\n      "y" : 2,\r\n      "args" : [ ]\r\n    }, {\r\n      "id" : 1,\r\n      "x" : 2,\r\n      "y" : 2,\r\n      "args" : [ ]\r\n    }, {\r\n      "id" : 4,\r\n      "x" : 3,\r\n      "y" : 2,\r\n      "args" : [ ]\r\n    }, {\r\n      "id" : 4,\r\n      "x" : 4,\r\n      "y" : 2,\r\n      "args" : [ ]\r\n    }, {\r\n      "id" : 4,\r\n      "x" : 5,\r\n      "y" : 2,\r\n      "args" : [ ]\r\n    }, {\r\n      "id" : 4,\r\n      "x" : 6,\r\n      "y" : 2,\r\n      "args" : [ ]\r\n    }, {\r\n      "id" : 4,\r\n      "x" : 7,\r\n      "y" : 2,\r\n      "args" : [ ]\r\n    }, {\r\n      "id" : 1,\r\n      "x" : 8,\r\n      "y" : 2,\r\n      "args" : [ ]\r\n    }, {\r\n      "id" : 1,\r\n      "x" : 9,\r\n      "y" : 2,\r\n      "args" : [ ]\r\n    }, {\r\n      "id" : 1,\r\n      "x" : 1,\r\n      "y" : 3,\r\n      "args" : [ ]\r\n    }, {\r\n      "id" : 4,\r\n      "x" : 2,\r\n      "y" : 3,\r\n      "args" : [ ]\r\n    }, {\r\n      "id" : 4,\r\n      "x" : 3,\r\n      "y" : 3,\r\n      "args" : [ ]\r\n    }, {\r\n      "id" : 4,\r\n      "x" : 4,\r\n      "y" : 3,\r\n      "args" : [ ]\r\n    }, {\r\n      "id" : 4,\r\n      "x" : 5,\r\n      "y" : 3,\r\n      "args" : [ ]\r\n    }, {\r\n      "id" : 4,\r\n      "x" : 6,\r\n      "y" : 3,\r\n      "args" : [ ]\r\n    }, {\r\n      "id" : 4,\r\n      "x" : 7,\r\n      "y" : 3,\r\n      "args" : [ ]\r\n    }, {\r\n      "id" : 4,\r\n      "x" : 8,\r\n      "y" : 3,\r\n      "args" : [ ]\r\n    }, {\r\n      "id" : 1,\r\n      "x" : 9,\r\n      "y" : 3,\r\n      "args" : [ ]\r\n    }, {\r\n      "id" : 4,\r\n      "x" : 1,\r\n      "y" : 4,\r\n      "args" : [ ]\r\n    }, {\r\n      "id" : 4,\r\n      "x" : 2,\r\n      "y" : 4,\r\n      "args" : [ ]\r\n    }, {\r\n      "id" : 4,\r\n      "x" : 3,\r\n      "y" : 4,\r\n      "args" : [ ]\r\n    }, {\r\n      "id" : 4,\r\n      "x" : 4,\r\n      "y" : 4,\r\n      "args" : [ ]\r\n    }, {\r\n      "id" : 2,\r\n      "x" : 5,\r\n      "y" : 4,\r\n      "args" : [ ]\r\n    }, {\r\n      "id" : 4,\r\n      "x" : 6,\r\n      "y" : 4,\r\n      "args" : [ ]\r\n    }, {\r\n      "id" : 4,\r\n      "x" : 7,\r\n      "y" : 4,\r\n      "args" : [ ]\r\n    }, {\r\n      "id" : 4,\r\n      "x" : 8,\r\n      "y" : 4,\r\n      "args" : [ ]\r\n    }, {\r\n      "id" : 4,\r\n      "x" : 9,\r\n      "y" : 4,\r\n      "args" : [ ]\r\n    }, {\r\n      "id" : 4,\r\n      "x" : 1,\r\n      "y" : 5,\r\n      "args" : [ ]\r\n    }, {\r\n      "id" : 2,\r\n      "x" : 2,\r\n      "y" : 5,\r\n      "args" : [ ]\r\n    }, {\r\n      "id" : 2,\r\n      "x" : 3,\r\n      "y" : 5,\r\n      "args" : [ ]\r\n    }, {\r\n      "id" : 2,\r\n      "x" : 4,\r\n      "y" : 5,\r\n      "args" : [ ]\r\n    }, {\r\n      "id" : 4,\r\n      "x" : 5,\r\n      "y" : 5,\r\n      "args" : [ ]\r\n    }, {\r\n      "id" : 2,\r\n      "x" : 6,\r\n      "y" : 5,\r\n      "args" : [ ]\r\n    }, {\r\n      "id" : 2,\r\n      "x" : 7,\r\n      "y" : 5,\r\n      "args" : [ ]\r\n    }, {\r\n      "id" : 2,\r\n      "x" : 8,\r\n      "y" : 5,\r\n      "args" : [ ]\r\n    }, {\r\n      "id" : 4,\r\n      "x" : 9,\r\n      "y" : 5,\r\n      "args" : [ ]\r\n    }, {\r\n      "id" : 4,\r\n      "x" : 1,\r\n      "y" : 6,\r\n      "args" : [ ]\r\n    }, {\r\n      "id" : 2,\r\n      "x" : 2,\r\n      "y" : 6,\r\n      "args" : [ ]\r\n    }, {\r\n      "id" : 2,\r\n      "x" : 3,\r\n      "y" : 6,\r\n      "args" : [ ]\r\n    }, {\r\n      "id" : 4,\r\n      "x" : 4,\r\n      "y" : 6,\r\n      "args" : [ ]\r\n    }, {\r\n      "id" : 4,\r\n      "x" : 5,\r\n      "y" : 6,\r\n      "args" : [ ]\r\n    }, {\r\n      "id" : 4,\r\n      "x" : 6,\r\n      "y" : 6,\r\n      "args" : [ ]\r\n    }, {\r\n      "id" : 2,\r\n      "x" : 7,\r\n      "y" : 6,\r\n      "args" : [ ]\r\n    }, {\r\n      "id" : 2,\r\n      "x" : 8,\r\n      "y" : 6,\r\n      "args" : [ ]\r\n    }, {\r\n      "id" : 4,\r\n      "x" : 9,\r\n      "y" : 6,\r\n      "args" : [ ]\r\n    }, {\r\n      "id" : 4,\r\n      "x" : 1,\r\n      "y" : 7,\r\n      "args" : [ ]\r\n    }, {\r\n      "id" : 4,\r\n      "x" : 2,\r\n      "y" : 7,\r\n      "args" : [ ]\r\n    }, {\r\n      "id" : 4,\r\n      "x" : 3,\r\n      "y" : 7,\r\n      "args" : [ ]\r\n    }, {\r\n      "id" : 4,\r\n      "x" : 4,\r\n      "y" : 7,\r\n      "args" : [ ]\r\n    }, {\r\n      "id" : 4,\r\n      "x" : 5,\r\n      "y" : 7,\r\n      "args" : [ ]\r\n    }, {\r\n      "id" : 4,\r\n      "x" : 6,\r\n      "y" : 7,\r\n      "args" : [ ]\r\n    }, {\r\n      "id" : 4,\r\n      "x" : 7,\r\n      "y" : 7,\r\n      "args" : [ ]\r\n    }, {\r\n      "id" : 4,\r\n      "x" : 8,\r\n      "y" : 7,\r\n      "args" : [ ]\r\n    }, {\r\n      "id" : 4,\r\n      "x" : 9,\r\n      "y" : 7,\r\n      "args" : [ ]\r\n    }, {\r\n      "id" : 1,\r\n      "x" : 1,\r\n      "y" : 8,\r\n      "args" : [ ]\r\n    }, {\r\n      "id" : 4,\r\n      "x" : 2,\r\n      "y" : 8,\r\n      "args" : [ ]\r\n    }, {\r\n      "id" : 4,\r\n      "x" : 3,\r\n      "y" : 8,\r\n      "args" : [ ]\r\n    }, {\r\n      "id" : 4,\r\n      "x" : 4,\r\n      "y" : 8,\r\n      "args" : [ ]\r\n    }, {\r\n      "id" : 4,\r\n      "x" : 5,\r\n      "y" : 8,\r\n      "args" : [ ]\r\n    }, {\r\n      "id" : 4,\r\n      "x" : 6,\r\n      "y" : 8,\r\n      "args" : [ ]\r\n    }, {\r\n      "id" : 4,\r\n      "x" : 7,\r\n      "y" : 8,\r\n      "args" : [ ]\r\n    }, {\r\n      "id" : 4,\r\n      "x" : 8,\r\n      "y" : 8,\r\n      "args" : [ ]\r\n    }, {\r\n      "id" : 1,\r\n      "x" : 9,\r\n      "y" : 8,\r\n      "args" : [ ]\r\n    }, {\r\n      "id" : 1,\r\n      "x" : 1,\r\n      "y" : 9,\r\n      "args" : [ ]\r\n    }, {\r\n      "id" : 1,\r\n      "x" : 2,\r\n      "y" : 9,\r\n      "args" : [ ]\r\n    }, {\r\n      "id" : 4,\r\n      "x" : 3,\r\n      "y" : 9,\r\n      "args" : [ ]\r\n    }, {\r\n      "id" : 4,\r\n      "x" : 4,\r\n      "y" : 9,\r\n      "args" : [ ]\r\n    }, {\r\n      "id" : 4,\r\n      "x" : 5,\r\n      "y" : 9,\r\n      "args" : [ ]\r\n    }, {\r\n      "id" : 4,\r\n      "x" : 6,\r\n      "y" : 9,\r\n      "args" : [ ]\r\n    }, {\r\n      "id" : 4,\r\n      "x" : 7,\r\n      "y" : 9,\r\n      "args" : [ ]\r\n    }, {\r\n      "id" : 1,\r\n      "x" : 8,\r\n      "y" : 9,\r\n      "args" : [ ]\r\n    }, {\r\n      "id" : 1,\r\n      "x" : 9,\r\n      "y" : 9,\r\n      "args" : [ ]\r\n    } ],\r\n    "boardElements" : [ {\r\n      "id" : 3,\r\n      "x" : 2,\r\n      "y" : 5,\r\n      "args" : [ ],\r\n      "orientation" : 0\r\n    }, {\r\n      "id" : 3,\r\n      "x" : 2,\r\n      "y" : 6,\r\n      "args" : [ ],\r\n      "orientation" : 0\r\n    }, {\r\n      "id" : 3,\r\n      "x" : 3,\r\n      "y" : 5,\r\n      "args" : [ ],\r\n      "orientation" : 0\r\n    }, {\r\n      "id" : 3,\r\n      "x" : 3,\r\n      "y" : 6,\r\n      "args" : [ ],\r\n      "orientation" : 0\r\n    }, {\r\n      "id" : 3,\r\n      "x" : 4,\r\n      "y" : 5,\r\n      "args" : [ ],\r\n      "orientation" : 0\r\n    }, {\r\n      "id" : 1,\r\n      "x" : 5,\r\n      "y" : 1,\r\n      "args" : [ "0" ],\r\n      "orientation" : 6\r\n    }, {\r\n      "id" : 3,\r\n      "x" : 5,\r\n      "y" : 4,\r\n      "args" : [ ],\r\n      "orientation" : 0\r\n    }, {\r\n      "id" : 2,\r\n      "x" : 5,\r\n      "y" : 5,\r\n      "args" : [ ],\r\n      "orientation" : 0\r\n    }, {\r\n      "id" : 3,\r\n      "x" : 6,\r\n      "y" : 5,\r\n      "args" : [ ],\r\n      "orientation" : 0\r\n    }, {\r\n      "id" : 3,\r\n      "x" : 7,\r\n      "y" : 5,\r\n      "args" : [ ],\r\n      "orientation" : 0\r\n    }, {\r\n      "id" : 3,\r\n      "x" : 7,\r\n      "y" : 6,\r\n      "args" : [ ],\r\n      "orientation" : 0\r\n    }, {\r\n      "id" : 3,\r\n      "x" : 8,\r\n      "y" : 5,\r\n      "args" : [ ],\r\n      "orientation" : 0\r\n    }, {\r\n      "id" : 3,\r\n      "x" : 8,\r\n      "y" : 6,\r\n      "args" : [ ],\r\n      "orientation" : 0\r\n    } ],\r\n    "boardHints" : [ ]\r\n  },\r\n  "initialState" : "<xml>\\r\\n    <variables>\\r\\n        <variable type=\\"\\" id=\\"-4Vcu}xg0vzhs*Y?*NM?\\">Laser</variable>\\r\\n    </variables>\\r\\n    <block type=\\"start_start\\" id=\\"jK|09VZeHw@*t!MM1jKj\\" x=\\"137\\" y=\\"-78\\">\\r\\n        <next>\\r\\n            <block type=\\"variables_set\\" id=\\"v-07yvEBIl||um%b{Xiu\\">\\r\\n                <field name=\\"VAR\\" id=\\"-4Vcu}xg0vzhs*Y?*NM?\\" variableType=\\"\\">Laser</field>\\r\\n                <value name=\\"VALUE\\">\\r\\n                    <block type=\\"text\\" id=\\"pa|-Qx)iLNHXSQBQ;35%\\">\\r\\n                        <field name=\\"TEXT\\">Laser_1</field>\\r\\n                    </block>\\r\\n                </value>\\r\\n                <next>\\r\\n                    <block type=\\"movement_move\\" id=\\"(1ssPXcyKYD#%c([e=Bi\\">\\r\\n                        <field name=\\"DIRECTION\\">RIGHT</field>\\r\\n                        <value name=\\"NAME\\">\\r\\n                            <block type=\\"variables_get\\" id=\\"}8jR,FJyFo6/Jx[]}A%*\\">\\r\\n                                <field name=\\"VAR\\" id=\\"-4Vcu}xg0vzhs*Y?*NM?\\" variableType=\\"\\">Laser</field>\\r\\n                            </block>\\r\\n                        </value>\\r\\n                    </block>\\r\\n                </next>\\r\\n            </block>\\r\\n        </next>\\r\\n    </block>\\r\\n</xml>"\r\n}', 0, 'Skull', 3),
	(81235, b'1', '13d99339-b493-49d7-ab34-41ebaa7bad24_Heart.png', 1, b'1', '{\r\n  "activeblocks" : {\r\n    "specialBlock" : "",\r\n    "categories" : [ {\r\n      "categoryName" : "start",\r\n      "blocksInfo" : {\r\n        "activate" : true,\r\n        "activeBlocks" : [ {\r\n          "blockName" : "start_start",\r\n          "maxUses" : 100\r\n        } ]\r\n      }\r\n    }, {\r\n      "categoryName" : "math",\r\n      "blocksInfo" : {\r\n        "activate" : true,\r\n        "activeBlocks" : [ {\r\n          "blockName" : "math_number",\r\n          "maxUses" : 100\r\n        }, {\r\n          "blockName" : "math_arithmetic",\r\n          "maxUses" : 100\r\n        } ]\r\n      }\r\n    }, {\r\n      "categoryName" : "variable",\r\n      "blocksInfo" : {\r\n        "activate" : true,\r\n        "activeBlocks" : [ {\r\n          "blockName" : "variables_get",\r\n          "maxUses" : 100\r\n        }, {\r\n          "blockName" : "variables_set",\r\n          "maxUses" : 100\r\n        } ]\r\n      }\r\n    }, {\r\n      "categoryName" : "text",\r\n      "blocksInfo" : {\r\n        "activate" : true,\r\n        "activeBlocks" : [ {\r\n          "blockName" : "text",\r\n          "maxUses" : 100\r\n        } ]\r\n      }\r\n    }, {\r\n      "categoryName" : "",\r\n      "blocksInfo" : {\r\n        "activate" : true,\r\n        "activeBlocks" : [ {\r\n          "blockName" : "",\r\n          "maxUses" : 100\r\n        }, {\r\n          "blockName" : "",\r\n          "maxUses" : 100\r\n        }, {\r\n          "blockName" : "",\r\n          "maxUses" : 100\r\n        }, {\r\n          "blockName" : "",\r\n          "maxUses" : 100\r\n        }, {\r\n          "blockName" : "",\r\n          "maxUses" : 100\r\n        }, {\r\n          "blockName" : "",\r\n          "maxUses" : 100\r\n        }, {\r\n          "blockName" : "",\r\n          "maxUses" : 100\r\n        } ]\r\n      }\r\n    }, {\r\n      "categoryName" : "",\r\n      "blocksInfo" : {\r\n        "activate" : true,\r\n        "activeBlocks" : [ {\r\n          "blockName" : "",\r\n          "maxUses" : 100\r\n        }, {\r\n          "blockName" : "",\r\n          "maxUses" : 100\r\n        } ]\r\n      }\r\n    }, {\r\n      "categoryName" : "movement",\r\n      "blocksInfo" : {\r\n        "activate" : true,\r\n        "activeBlocks" : [ {\r\n          "blockName" : "movement_move",\r\n          "maxUses" : 100\r\n        }, {\r\n          "blockName" : "movement_rotate",\r\n          "maxUses" : 100\r\n        }, {\r\n          "blockName" : "movement_activate_door",\r\n          "maxUses" : 100\r\n        }, {\r\n          "blockName" : "movement_laser_change_intensity",\r\n          "maxUses" : 100\r\n        } ]\r\n      }\r\n    }, {\r\n      "categoryName" : "",\r\n      "blocksInfo" : {\r\n        "activate" : true,\r\n        "activeBlocks" : [ {\r\n          "blockName" : "",\r\n          "maxUses" : 100\r\n        }, {\r\n          "blockName" : "procedures_callnoreturn",\r\n          "maxUses" : 100\r\n        } ]\r\n      }\r\n    } ]\r\n  },\r\n  "boardstate" : {\r\n    "rows" : 9,\r\n    "columns" : 9,\r\n    "cells" : [ {\r\n      "id" : 1,\r\n      "x" : 1,\r\n      "y" : 1,\r\n      "args" : [ ]\r\n    }, {\r\n      "id" : 1,\r\n      "x" : 2,\r\n      "y" : 1,\r\n      "args" : [ ]\r\n    }, {\r\n      "id" : 1,\r\n      "x" : 3,\r\n      "y" : 1,\r\n      "args" : [ ]\r\n    }, {\r\n      "id" : 1,\r\n      "x" : 4,\r\n      "y" : 1,\r\n      "args" : [ ]\r\n    }, {\r\n      "id" : 2,\r\n      "x" : 5,\r\n      "y" : 1,\r\n      "args" : [ ]\r\n    }, {\r\n      "id" : 1,\r\n      "x" : 6,\r\n      "y" : 1,\r\n      "args" : [ ]\r\n    }, {\r\n      "id" : 1,\r\n      "x" : 7,\r\n      "y" : 1,\r\n      "args" : [ ]\r\n    }, {\r\n      "id" : 1,\r\n      "x" : 8,\r\n      "y" : 1,\r\n      "args" : [ ]\r\n    }, {\r\n      "id" : 1,\r\n      "x" : 9,\r\n      "y" : 1,\r\n      "args" : [ ]\r\n    }, {\r\n      "id" : 1,\r\n      "x" : 1,\r\n      "y" : 2,\r\n      "args" : [ ]\r\n    }, {\r\n      "id" : 1,\r\n      "x" : 2,\r\n      "y" : 2,\r\n      "args" : [ ]\r\n    }, {\r\n      "id" : 1,\r\n      "x" : 3,\r\n      "y" : 2,\r\n      "args" : [ ]\r\n    }, {\r\n      "id" : 2,\r\n      "x" : 4,\r\n      "y" : 2,\r\n      "args" : [ ]\r\n    }, {\r\n      "id" : 2,\r\n      "x" : 5,\r\n      "y" : 2,\r\n      "args" : [ ]\r\n    }, {\r\n      "id" : 0,\r\n      "x" : 6,\r\n      "y" : 2,\r\n      "args" : [ ]\r\n    }, {\r\n      "id" : 1,\r\n      "x" : 7,\r\n      "y" : 2,\r\n      "args" : [ ]\r\n    }, {\r\n      "id" : 1,\r\n      "x" : 8,\r\n      "y" : 2,\r\n      "args" : [ ]\r\n    }, {\r\n      "id" : 1,\r\n      "x" : 9,\r\n      "y" : 2,\r\n      "args" : [ ]\r\n    }, {\r\n      "id" : 1,\r\n      "x" : 1,\r\n      "y" : 3,\r\n      "args" : [ ]\r\n    }, {\r\n      "id" : 1,\r\n      "x" : 2,\r\n      "y" : 3,\r\n      "args" : [ ]\r\n    }, {\r\n      "id" : 2,\r\n      "x" : 3,\r\n      "y" : 3,\r\n      "args" : [ ]\r\n    }, {\r\n      "id" : 2,\r\n      "x" : 4,\r\n      "y" : 3,\r\n      "args" : [ ]\r\n    }, {\r\n      "id" : 0,\r\n      "x" : 5,\r\n      "y" : 3,\r\n      "args" : [ ]\r\n    }, {\r\n      "id" : 0,\r\n      "x" : 6,\r\n      "y" : 3,\r\n      "args" : [ ]\r\n    }, {\r\n      "id" : 2,\r\n      "x" : 7,\r\n      "y" : 3,\r\n      "args" : [ ]\r\n    }, {\r\n      "id" : 1,\r\n      "x" : 8,\r\n      "y" : 3,\r\n      "args" : [ ]\r\n    }, {\r\n      "id" : 1,\r\n      "x" : 9,\r\n      "y" : 3,\r\n      "args" : [ ]\r\n    }, {\r\n      "id" : 1,\r\n      "x" : 1,\r\n      "y" : 4,\r\n      "args" : [ ]\r\n    }, {\r\n      "id" : 2,\r\n      "x" : 2,\r\n      "y" : 4,\r\n      "args" : [ ]\r\n    }, {\r\n      "id" : 2,\r\n      "x" : 3,\r\n      "y" : 4,\r\n      "args" : [ ]\r\n    }, {\r\n      "id" : 0,\r\n      "x" : 4,\r\n      "y" : 4,\r\n      "args" : [ ]\r\n    }, {\r\n      "id" : 0,\r\n      "x" : 5,\r\n      "y" : 4,\r\n      "args" : [ ]\r\n    }, {\r\n      "id" : 2,\r\n      "x" : 6,\r\n      "y" : 4,\r\n      "args" : [ ]\r\n    }, {\r\n      "id" : 2,\r\n      "x" : 7,\r\n      "y" : 4,\r\n      "args" : [ ]\r\n    }, {\r\n      "id" : 2,\r\n      "x" : 8,\r\n      "y" : 4,\r\n      "args" : [ ]\r\n    }, {\r\n      "id" : 1,\r\n      "x" : 9,\r\n      "y" : 4,\r\n      "args" : [ ]\r\n    }, {\r\n      "id" : 2,\r\n      "x" : 1,\r\n      "y" : 5,\r\n      "args" : [ ]\r\n    }, {\r\n      "id" : 2,\r\n      "x" : 2,\r\n      "y" : 5,\r\n      "args" : [ ]\r\n    }, {\r\n      "id" : 0,\r\n      "x" : 3,\r\n      "y" : 5,\r\n      "args" : [ ]\r\n    }, {\r\n      "id" : 0,\r\n      "x" : 4,\r\n      "y" : 5,\r\n      "args" : [ ]\r\n    }, {\r\n      "id" : 2,\r\n      "x" : 5,\r\n      "y" : 5,\r\n      "args" : [ ]\r\n    }, {\r\n      "id" : 2,\r\n      "x" : 6,\r\n      "y" : 5,\r\n      "args" : [ ]\r\n    }, {\r\n      "id" : 2,\r\n      "x" : 7,\r\n      "y" : 5,\r\n      "args" : [ ]\r\n    }, {\r\n      "id" : 2,\r\n      "x" : 8,\r\n      "y" : 5,\r\n      "args" : [ ]\r\n    }, {\r\n      "id" : 2,\r\n      "x" : 9,\r\n      "y" : 5,\r\n      "args" : [ ]\r\n    }, {\r\n      "id" : 2,\r\n      "x" : 1,\r\n      "y" : 6,\r\n      "args" : [ ]\r\n    }, {\r\n      "id" : 2,\r\n      "x" : 2,\r\n      "y" : 6,\r\n      "args" : [ ]\r\n    }, {\r\n      "id" : 0,\r\n      "x" : 3,\r\n      "y" : 6,\r\n      "args" : [ ]\r\n    }, {\r\n      "id" : 2,\r\n      "x" : 4,\r\n      "y" : 6,\r\n      "args" : [ ]\r\n    }, {\r\n      "id" : 2,\r\n      "x" : 5,\r\n      "y" : 6,\r\n      "args" : [ ]\r\n    }, {\r\n      "id" : 2,\r\n      "x" : 6,\r\n      "y" : 6,\r\n      "args" : [ ]\r\n    }, {\r\n      "id" : 0,\r\n      "x" : 7,\r\n      "y" : 6,\r\n      "args" : [ ]\r\n    }, {\r\n      "id" : 2,\r\n      "x" : 8,\r\n      "y" : 6,\r\n      "args" : [ ]\r\n    }, {\r\n      "id" : 2,\r\n      "x" : 9,\r\n      "y" : 6,\r\n      "args" : [ ]\r\n    }, {\r\n      "id" : 2,\r\n      "x" : 1,\r\n      "y" : 7,\r\n      "args" : [ ]\r\n    }, {\r\n      "id" : 2,\r\n      "x" : 2,\r\n      "y" : 7,\r\n      "args" : [ ]\r\n    }, {\r\n      "id" : 2,\r\n      "x" : 3,\r\n      "y" : 7,\r\n      "args" : [ ]\r\n    }, {\r\n      "id" : 2,\r\n      "x" : 4,\r\n      "y" : 7,\r\n      "args" : [ ]\r\n    }, {\r\n      "id" : 2,\r\n      "x" : 5,\r\n      "y" : 7,\r\n      "args" : [ ]\r\n    }, {\r\n      "id" : 0,\r\n      "x" : 6,\r\n      "y" : 7,\r\n      "args" : [ ]\r\n    }, {\r\n      "id" : 0,\r\n      "x" : 7,\r\n      "y" : 7,\r\n      "args" : [ ]\r\n    }, {\r\n      "id" : 2,\r\n      "x" : 8,\r\n      "y" : 7,\r\n      "args" : [ ]\r\n    }, {\r\n      "id" : 2,\r\n      "x" : 9,\r\n      "y" : 7,\r\n      "args" : [ ]\r\n    }, {\r\n      "id" : 1,\r\n      "x" : 1,\r\n      "y" : 8,\r\n      "args" : [ ]\r\n    }, {\r\n      "id" : 2,\r\n      "x" : 2,\r\n      "y" : 8,\r\n      "args" : [ ]\r\n    }, {\r\n      "id" : 2,\r\n      "x" : 3,\r\n      "y" : 8,\r\n      "args" : [ ]\r\n    }, {\r\n      "id" : 2,\r\n      "x" : 4,\r\n      "y" : 8,\r\n      "args" : [ ]\r\n    }, {\r\n      "id" : 1,\r\n      "x" : 5,\r\n      "y" : 8,\r\n      "args" : [ ]\r\n    }, {\r\n      "id" : 0,\r\n      "x" : 6,\r\n      "y" : 8,\r\n      "args" : [ ]\r\n    }, {\r\n      "id" : 2,\r\n      "x" : 7,\r\n      "y" : 8,\r\n      "args" : [ ]\r\n    }, {\r\n      "id" : 2,\r\n      "x" : 8,\r\n      "y" : 8,\r\n      "args" : [ ]\r\n    }, {\r\n      "id" : 1,\r\n      "x" : 9,\r\n      "y" : 8,\r\n      "args" : [ ]\r\n    }, {\r\n      "id" : 1,\r\n      "x" : 1,\r\n      "y" : 9,\r\n      "args" : [ ]\r\n    }, {\r\n      "id" : 1,\r\n      "x" : 2,\r\n      "y" : 9,\r\n      "args" : [ ]\r\n    }, {\r\n      "id" : 2,\r\n      "x" : 3,\r\n      "y" : 9,\r\n      "args" : [ ]\r\n    }, {\r\n      "id" : 1,\r\n      "x" : 4,\r\n      "y" : 9,\r\n      "args" : [ ]\r\n    }, {\r\n      "id" : 1,\r\n      "x" : 5,\r\n      "y" : 9,\r\n      "args" : [ ]\r\n    }, {\r\n      "id" : 1,\r\n      "x" : 6,\r\n      "y" : 9,\r\n      "args" : [ ]\r\n    }, {\r\n      "id" : 2,\r\n      "x" : 7,\r\n      "y" : 9,\r\n      "args" : [ ]\r\n    }, {\r\n      "id" : 1,\r\n      "x" : 8,\r\n      "y" : 9,\r\n      "args" : [ ]\r\n    }, {\r\n      "id" : 1,\r\n      "x" : 9,\r\n      "y" : 9,\r\n      "args" : [ ]\r\n    } ],\r\n    "boardElements" : [ {\r\n      "id" : 3,\r\n      "x" : 3,\r\n      "y" : 5,\r\n      "args" : [ ],\r\n      "orientation" : 0\r\n    }, {\r\n      "id" : 3,\r\n      "x" : 3,\r\n      "y" : 6,\r\n      "args" : [ ],\r\n      "orientation" : 0\r\n    }, {\r\n      "id" : 3,\r\n      "x" : 4,\r\n      "y" : 4,\r\n      "args" : [ ],\r\n      "orientation" : 0\r\n    }, {\r\n      "id" : 3,\r\n      "x" : 4,\r\n      "y" : 5,\r\n      "args" : [ ],\r\n      "orientation" : 0\r\n    }, {\r\n      "id" : 1,\r\n      "x" : 5,\r\n      "y" : 1,\r\n      "args" : [ "0" ],\r\n      "orientation" : 0\r\n    }, {\r\n      "id" : 3,\r\n      "x" : 5,\r\n      "y" : 3,\r\n      "args" : [ ],\r\n      "orientation" : 0\r\n    }, {\r\n      "id" : 3,\r\n      "x" : 5,\r\n      "y" : 4,\r\n      "args" : [ ],\r\n      "orientation" : 0\r\n    }, {\r\n      "id" : 3,\r\n      "x" : 6,\r\n      "y" : 2,\r\n      "args" : [ ],\r\n      "orientation" : 0\r\n    }, {\r\n      "id" : 3,\r\n      "x" : 6,\r\n      "y" : 3,\r\n      "args" : [ ],\r\n      "orientation" : 0\r\n    }, {\r\n      "id" : 3,\r\n      "x" : 6,\r\n      "y" : 7,\r\n      "args" : [ ],\r\n      "orientation" : 0\r\n    }, {\r\n      "id" : 3,\r\n      "x" : 6,\r\n      "y" : 8,\r\n      "args" : [ ],\r\n      "orientation" : 0\r\n    }, {\r\n      "id" : 3,\r\n      "x" : 7,\r\n      "y" : 6,\r\n      "args" : [ ],\r\n      "orientation" : 0\r\n    }, {\r\n      "id" : 3,\r\n      "x" : 7,\r\n      "y" : 7,\r\n      "args" : [ ],\r\n      "orientation" : 0\r\n    }, {\r\n      "id" : 2,\r\n      "x" : 7,\r\n      "y" : 9,\r\n      "args" : [ ],\r\n      "orientation" : 0\r\n    } ],\r\n    "boardHints" : [ ]\r\n  },\r\n  "initialState" : "<xml>\\r\\n    <variables>\\r\\n        <variable type=\\"\\" id=\\"-4Vcu}xg0vzhs*Y?*NM?\\">Laser</variable>\\r\\n    </variables>\\r\\n    <block type=\\"start_start\\" id=\\"jK|09VZeHw@*t!MM1jKj\\" x=\\"137\\" y=\\"-78\\">\\r\\n        <next>\\r\\n            <block type=\\"variables_set\\" id=\\"v-07yvEBIl||um%b{Xiu\\">\\r\\n                <field name=\\"VAR\\" id=\\"-4Vcu}xg0vzhs*Y?*NM?\\" variableType=\\"\\">Laser</field>\\r\\n                <value name=\\"VALUE\\">\\r\\n                    <block type=\\"text\\" id=\\"pa|-Qx)iLNHXSQBQ;35%\\">\\r\\n                        <field name=\\"TEXT\\">Laser_1</field>\\r\\n                    </block>\\r\\n                </value>\\r\\n                <next>\\r\\n                    <block type=\\"movement_move\\" id=\\"(1ssPXcyKYD#%c([e=Bi\\">\\r\\n                        <field name=\\"DIRECTION\\">RIGHT</field>\\r\\n                        <value name=\\"NAME\\">\\r\\n                            <block type=\\"variables_get\\" id=\\"}8jR,FJyFo6/Jx[]}A%*\\">\\r\\n                                <field name=\\"VAR\\" id=\\"-4Vcu}xg0vzhs*Y?*NM?\\" variableType=\\"\\">Laser</field>\\r\\n                            </block>\\r\\n                        </value>\\r\\n                    </block>\\r\\n                </next>\\r\\n            </block>\\r\\n        </next>\\r\\n    </block>\\r\\n</xml>"\r\n}', 0, 'Heart', 3);

-- Volcando datos para la tabla articoding.playlist: ~0 rows (aproximadamente)
INSERT INTO `playlist` (`id`, `enabled`, `likes`, `times_played`, `title`, `owner_id`) VALUES
	(16, b'1', 0, 0, 'Pixel Art', 3);

-- Volcando datos para la tabla articoding.playlist_levels: ~4 rows (aproximadamente)
INSERT INTO `playlist_levels` (`playlist_id`, `level_id`) VALUES
	(16, 16123),
	(16, 62172),
	(16, 12351),
	(16, 17);

-- Volcando datos para la tabla articoding.role: ~3 rows (aproximadamente)
INSERT INTO `role` (`id`, `name`) VALUES
	(1, 'ROLE_ADMIN'),
	(2, 'ROLE_TEACHER'),
	(3, 'ROLE_USER');

-- Volcando datos para la tabla articoding.user: ~29 rows (aproximadamente)
INSERT INTO `user` (`id`, `enabled`, `image_index`, `password`, `username`, `role_id`) VALUES
	(1, b'1', 0, '$2a$10$ttGYiKIM2XmTnl3fQPlKAu1CUK64EAty60xuIi4p9Ez8nARZjXWvu', 'root', 1),
	(3, b'1', 2, '$2a$10$nkdfA64NTjSZ008PBnYg5OFdx7EqoxrVfMm7hl0VDNNEYaKCXTFYa', 'Pengu', 1),
	(4, b'1', 0, '$2a$10$tGT/bbm4oRt1zz8nPmWLouM4iTGEw8qCpr6r15/lV8v8znJX/3JTq', 'Pepito', 3),
	(5, b'1', 0, '$2a$10$Wg.G0opXveJsqYEsDJsbQO21ALOabELjAHky40U8lfam7Zg0LfMYO', 'Carlosroa', 3),
	(6, b'1', 0, '$2a$10$APkKtjUzlEJoAwsIE9JGRe6/NcRm2XA3hRpxHXyOcEzLMyDJIbH8e', 'Vilaviejo', 3),
	(7, b'1', 1, '$2a$10$YE6MqykIPcEuRHu8x/nIZ.MEzOkWKyLDKVTlJSMt94SdclY8ePOtC', 'mertupo', 3),
	(8, b'1', 2, '$2a$10$EUnxt774QQPzzJJtbNC9Ve9Mhf/uPGDyLrL4jsy7TqPdgBLy5zG2W', 'waelinchielchevere', 3),
	(9, b'1', 2, '$2a$10$5SVC4FoGWBABrrgWtwxFNuJFIdl72hufS6HeAXMFRLJ8kcaHjcIOy', 'suna', 3),
	(10, b'1', 1, '$2a$10$PO39FON0Km.n2QUjYSOk1ORidMoNsgrlH4WijTs4EYTLd9REJ1ObG', 'Lordenador', 3),
	(11, b'1', 0, '$2a$10$GIY44Mmp4ENkZ7fcjtLjCeSI4D4tiS5NJEQSgW8GSysqTCu8toSRK', 'SHAKIRA', 3),
	(12, b'1', 1, '$2a$10$R8g8f76j9.OeuWu3Xiy35uM/UiYpRg/Z6sUbD3Ta4vYg6nv3Hi79a', 'chorizote', 3),
	(13, b'1', 1, '$2a$10$ZfbXn7uk/HJWNyEtol8uButIlF58zuvezLMDdH3VFVMA8/rW78DY2', 'Gonzalo', 3),
	(14, b'1', 5, '$2a$10$y5fv441acyksid3SXBqfD.VkTqWmukOUuRgSaCq8eH92j2TT48x5C', 'pitogordo', 3),
	(15, b'1', 2, '$2a$10$k8iaaSZiAlXFmhuF6r8AbeyFk5pg7tT8gEB8QH7X6w0zASkI/0rvK', 'chupamela', 3),
	(16, b'1', 3, '$2a$10$sQ15glHImwxtiyIhpeYHMeCkP0bXpTOHBfnP9RLtmroiW7y2QGVeK', 'lolaindigo', 3),
	(17, b'1', 4, '$2a$10$bWVUKQzyC9UZDhzMDWhHfeTGHWx/vji.q/Xl35xFVNYzsm3gTkxLe', 'MariaUnPajote', 3),
	(18, b'1', 1, '$2a$10$jmGBsKMM.XmANdG0mSirs.D6lb5SiKFEi9H4iDjQMRows.9O8pkw.', 'manolo99', 3),
	(19, b'1', 4, '$2a$10$HCZo2TAl51VYu7DUxFaIguAaR89Hdf8B5tCxEnv6PguZzsHgBRvam', 'AITANA', 3),
	(20, b'1', 4, '$2a$10$FWueNJV13EHiX9hjd0l8e.g4TyBfyyEpcOrv4qOUcrH3BJmZQdjSC', 'JOSEFA', 3),
	(21, b'1', 0, '$2a$10$3gvR5Tknel0XwT6cZysztejkmLqgs7RugpSEudwrJX54Axe3wxQEm', 'follar', 3),
	(22, b'1', 2, '$2a$10$f22Hu/zev0ZPEGXQnCwJp.PJUDw6VOjiHtWTYiXe4owDdDnFf5NOm', 'karolg', 3),
	(23, b'1', 0, '$2a$10$ru9Ogq/gpkqK3K1P53Nz2.K.54IEN319g2WWs.qcrtnMl7GnEjVjO', 'pegate', 3),
	(24, b'1', 0, '$2a$10$AszDVtXaXOwMZnfjsZhMS.I4yRtxUAXypHRfTFbBKmWnIMfNepLoK', 'manosrotas', 3),
	(25, b'1', 0, '$2a$10$C2BkIAwZaRzLHfEGh83kruqjmxurAlpStt..nMP5SK4/u7N/w0FtW', 'MEMTRRGT', 3),
	(26, b'1', 0, '$2a$10$FEyswwhXmEscwhdzKYbLX.gtaNIdM6/cE0VLVhnfR4AYQu9PyGJt.', 'Milonista', 3),
	(27, b'1', 0, '$2a$10$2azjO2NRRFB8i9UbRusBYul.D6yMHvoy3xcSktLUWzYAuz3YeQRQu', 'maxneymar', 3),
	(28, b'1', 0, '$2a$10$wd6pmrjwpzg8zI5rQx6Mbu0xlSdhAwZIkG/HCMTfqyer/PV9jkiwy', 'follarbbb', 3),
	(29, b'1', 0, '$2a$10$RB0fpiXLdgFpeXHpyAAYBe3olpFNoKhUeabgbPI4FzmkFWHb.aUDW', 'ProfeChupiGuay', 2),
	(30, b'1', 0, '$2a$10$.VQcM6kwjKybykAscvu6IORdB/iI5QVHe.9XbtSXg7xG0xOmGMSWu', 'profezor', 2);

-- Volcando datos para la tabla articoding.user_levels_completed_in_class_room: ~0 rows (aproximadamente)

-- Volcando datos para la tabla articoding.user_liked_levels: ~10 rows (aproximadamente)
INSERT INTO `user_liked_levels` (`user_id`, `liked_levels`) VALUES
	(3, 21578),
	(3, 37109),
	(3, 48321),
	(3, 89634),
	(3, 90763),
	(3, 12351),
	(3, 16123),
	(3, 62172),
	(3, 73421),
	(3, 81235);

-- Volcando datos para la tabla articoding.user_liked_playlists: ~0 rows (aproximadamente)

/*!40103 SET TIME_ZONE=IFNULL(@OLD_TIME_ZONE, 'system') */;
/*!40101 SET SQL_MODE=IFNULL(@OLD_SQL_MODE, '') */;
/*!40014 SET FOREIGN_KEY_CHECKS=IFNULL(@OLD_FOREIGN_KEY_CHECKS, 1) */;
/*!40101 SET CHARACTER_SET_CLIENT=@OLD_CHARACTER_SET_CLIENT */;
/*!40111 SET SQL_NOTES=IFNULL(@OLD_SQL_NOTES, 1) */;
